Season,Date,HomeTeam,AwayTeam,HomeEloBefore,AwayEloBefore,HomeRollingPoints5,AwayRollingPoints5,HomeRollingGoalsFor5,HomeRollingGoalsAgainst5,HomeRollingGoalDifference5,HomeRollingWinRate5,AwayRollingGoalsFor5,AwayRollingGoalsAgainst5,AwayRollingGoalDifference5,AwayRollingWinRate5,HomeVenueRollingPoints5,HomeVenueRollingGoalsFor5,HomeVenueRollingGoalsAgainst5,HomeVenueRollingGoalDifference5,HomeVenueRollingWinRate5,AwayVenueRollingPoints5,AwayVenueRollingGoalsFor5,AwayVenueRollingGoalsAgainst5,AwayVenueRollingGoalDifference5,AwayVenueRollingWinRate5,HomeRestDays,AwayRestDays,HomeShortRest3,AwayShortRest3,HomeMatchesLast7Days,HomeMatchesLast14Days,AwayMatchesLast7Days,AwayMatchesLast14Days,EloDifference,PointsFormDifference5,GoalsForFormDifference5,GoalsAgainstFormDifference5,GoalDifferenceFormDifference5,WinRateFormDifference5,VenuePointsFormDifference5,VenueGoalsForFormDifference5,VenueGoalsAgainstFormDifference5,VenueGoalDifferenceFormDifference5,VenueWinRateFormDifference5,RestDaysDifference,ShortRestDifference3,MatchesLast7DaysDifference,MatchesLast14DaysDifference,AwayMatchWeek,HomeMatchWeek,HomeSeasonProgress,AwaySeasonProgress,AverageSeasonProgress,SeasonProgressDifference,MatchesPlayedDifference,SecondHalfSeason,HomePointsBefore,AwayPointsBefore,HomeGoalDifferenceBefore,AwayGoalDifferenceBefore,HomeLeaguePosition,AwayLeaguePosition,PointsDifference,PositionDifference,GoalDifferenceDifference,HomeTop4Before,HomeTop6Before,HomeTopHalfBefore,HomeBottom3Before,AwayTop4Before,AwayTop6Before,AwayTopHalfBefore,AwayBottom3Before
2015-16,2015-08-08,Bournemouth,Aston Villa,1500.0,1500.0,,,,,,,,,,,,,,,,,,,,,,,,,0,0,0,0,0.0,,,,,,,,,,,,,0,0,1,1,0.0,0.0,0.0,0.0,0,0,0,0,0,0,,,0,,0,,,,,,,,
2015-16,2016-01-18,Swansea,Watford,1446.4875805457718,1496.553987106535,5.0,4.0,4.0,6.0,-2.0,0.2,7.0,8.0,-1.0,0.2,5.0,5.0,9.0,-4.0,0.2,7.0,7.0,8.0,-1.0,0.4,5.0,5.0,0.0,0.0,1,1,1,1,-50.0664065607632,1.0,-3.0,-2.0,-1.0,0.0,-2.0,-2.0,1.0,-3.0,-0.2,0.0,0.0,0,0,22,22,0.5675675675675675,0.5675675675675675,0.5675675675675675,0.0,0,1,19,29,-11,1,18,12,-10,-6,-12,0,0,0,1,0,0,0,0
2016-17,2016-09-26,Burnley,Watford,1484.8314935091241,1466.9011800221137,4.0,7.0,3.0,8.0,-5.0,0.2,10.0,9.0,1.0,0.4,,,,,,,,,,,9.0,8.0,0.0,0.0,0,1,0,1,17.93031348701038,-3.0,-7.0,-1.0,-6.0,-0.2,,,,,,1.0,0.0,0,0,6,6,0.13513513513513514,0.13513513513513514,0.13513513513513514,0.0,0,0,4,7,-5,1,17,11,-3,-6,-6,0,0,0,0,0,0,0,0
2016-17,2017-03-18,West Ham,Leicester,1503.122093117017,1515.2778473183384,5.0,6.0,9.0,9.0,0.0,0.2,6.0,8.0,-2.0,0.4,4.0,6.0,10.0,-4.0,0.2,2.0,2.0,8.0,-6.0,0.0,7.0,14.0,0.0,0.0,1,2,0,1,-12.155754201321542,-1.0,3.0,1.0,2.0,-0.2,2.0,4.0,2.0,2.0,0.2,-7.0,0.0,1,1,28,29,0.7567567567567568,0.7297297297297297,0.7432432432432432,0.027027027027027084,1,1,33,27,-11,-15,11,15,6,4,4,0,0,0,0,0,0,0,0
2017-18,2017-11-20,Brighton,Stoke,1505.3666983980108,1473.970626141909,8.0,7.0,6.0,4.0,2.0,0.4,8.0,12.0,-4.0,0.4,8.0,6.0,5.0,1.0,0.4,4.0,5.0,11.0,-6.0,0.2,16.0,16.0,0.0,0.0,0,0,0,0,31.39607225610189,1.0,-2.0,-8.0,6.0,0.0,4.0,1.0,-6.0,7.0,0.2,0.0,0.0,0,0,12,12,0.2972972972972973,0.2972972972972973,0.2972972972972973,0.0,0,0,15,12,0,-9,9,15,3,6,9,0,0,1,0,0,0,0,0
2017-18,2018-04-21,West Brom,Liverpool,1395.9321514203273,1672.7831833466582,4.0,10.0,5.0,9.0,-4.0,0.2,11.0,3.0,8.0,0.6,1.0,6.0,12.0,-6.0,0.0,10.0,8.0,3.0,5.0,0.6,6.0,7.0,0.0,0.0,1,2,1,2,-276.85103192633096,-6.0,-6.0,6.0,-12.0,-0.39999999999999997,-9.0,-2.0,9.0,-11.0,-0.6,-1.0,0.0,0,0,35,35,0.918918918918919,0.918918918918919,0.918918918918919,0.0,0,1,24,70,-25,43,20,3,-46,-17,-68,0,0,0,1,1,1,1,0
2018-19,2018-12-23,Everton,Tottenham,1528.9947657586151,1710.481767999695,5.0,12.0,5.0,7.0,-2.0,0.2,11.0,6.0,5.0,0.8,11.0,9.0,4.0,5.0,0.6,12.0,9.0,6.0,3.0,0.8,8.0,8.0,0.0,0.0,0,2,0,1,-181.48700224107984,-7.0,-6.0,1.0,-7.0,-0.6000000000000001,-1.0,0.0,-2.0,2.0,-0.20000000000000007,0.0,0.0,0,1,18,18,0.4594594594594595,0.4594594594594595,0.4594594594594595,0.0,0,0,24,39,2,15,11,3,-15,-8,-13,0,0,0,0,1,1,1,0
2019-20,2019-08-19,Wolves,Man United,1547.3838300372572,1639.8555452481553,,,,,,,,,,,,,,,,,,,,,8.0,8.0,0.0,0.0,0,1,0,1,-92.47171521089808,,,,,,,,,,,0.0,0.0,0,0,2,2,0.02702702702702703,0.02702702702702703,0.02702702702702703,0.0,0,0,1,3,0,4,13,9,-2,-4,-4,0,0,0,0,0,0,1,0
2019-20,2020-01-29,West Ham,Liverpool,1474.558387684041,1846.3292695951677,4.0,15.0,7.0,8.0,-1.0,0.2,8.0,1.0,7.0,1.0,4.0,9.0,9.0,0.0,0.2,15.0,12.0,2.0,10.0,1.0,7.0,6.0,0.0,0.0,1,2,1,2,-371.7708819111267,-11.0,-1.0,7.0,-8.0,-0.8,-11.0,-3.0,7.0,-10.0,-0.8,1.0,0.0,0,0,24,24,0.6216216216216216,0.6216216216216216,0.6216216216216216,0.0,0,1,23,67,-11,39,17,1,-44,-16,-50,0,0,0,0,1,1,1,0
2020-21,2020-11-21,Man United,West Brom,1629.9243333569593,1398.2359515306207,7.0,2.0,8.0,9.0,-1.0,0.4,1.0,6.0,-5.0,0.0,,,,,,,,,,,14.0,13.0,0.0,0.0,0,1,0,1,231.68838182633863,5.0,7.0,3.0,4.0,0.4,,,,,,1.0,0.0,0,0,9,8,0.1891891891891892,0.21621621621621623,0.20270270270270271,-0.02702702702702703,-1,0,10,3,-2,-11,14,18,7,4,9,0,0,0,0,0,0,0,1
2020-21,2021-04-05,Wolves,West Ham,1544.6786268143885,1564.6791919501582,5.0,7.0,3.0,6.0,-3.0,0.2,8.0,7.0,1.0,0.4,7.0,5.0,5.0,0.0,0.4,7.0,7.0,6.0,1.0,0.4,21.0,15.0,0.0,0.0,0,0,0,0,-20.000565135769648,-2.0,-5.0,-1.0,-4.0,-0.2,0.0,-2.0,-1.0,-1.0,0.0,6.0,0.0,0,0,30,30,0.7837837837837838,0.7837837837837838,0.7837837837837838,0.0,0,1,35,49,-10,10,14,7,-14,-7,-20,0,0,0,0,0,0,1,0
2021-22,2021-12-04,Newcastle,Burnley,1454.127602240316,1472.825527219118,3.0,7.0,5.0,10.0,-5.0,0.0,9.0,7.0,2.0,0.2,3.0,7.0,11.0,-4.0,0.0,4.0,5.0,7.0,-2.0,0.0,4.0,3.0,0.0,1.0,2,3,1,2,-18.697924978801893,-4.0,-4.0,3.0,-7.0,-0.2,-1.0,2.0,4.0,-2.0,0.0,1.0,-1.0,1,1,14,15,0.3783783783783784,0.35135135135135137,0.3648648648648649,0.02702702702702703,1,0,7,10,-14,-6,20,18,-3,-2,-8,0,0,0,1,0,0,0,1
2021-22,2022-05-15,Everton,Brentford,1498.2684754498996,1504.969560199857,8.0,10.0,4.0,4.0,0.0,0.4,7.0,4.0,3.0,0.6,10.0,4.0,2.0,2.0,0.6,9.0,10.0,8.0,2.0,0.6,4.0,8.0,0.0,0.0,2,3,0,2,-6.701084749957317,-2.0,-3.0,0.0,-3.0,-0.19999999999999996,1.0,-6.0,-6.0,0.0,0.0,-4.0,0.0,2,1,37,36,0.9459459459459459,0.972972972972973,0.9594594594594594,-0.027027027027027084,-1,1,36,43,-19,-8,16,13,-7,-3,-11,0,0,0,0,0,0,0,0
2022-23,2023-02-03,Chelsea,Fulham,1624.1301793316727,1477.5395616792352,5.0,9.0,3.0,4.0,-1.0,0.2,5.0,4.0,1.0,0.6,7.0,4.0,3.0,1.0,0.4,9.0,8.0,5.0,3.0,0.6,13.0,11.0,0.0,0.0,0,1,0,1,146.59061765243746,-4.0,-2.0,0.0,-2.0,-0.39999999999999997,-2.0,-4.0,-2.0,-2.0,-0.19999999999999996,2.0,0.0,0,0,22,21,0.5405405405405406,0.5675675675675675,0.5540540540540541,-0.027027027027026973,-1,1,29,31,1,2,10,7,-2,-3,-1,0,0,1,0,0,0,1,0
2023-24,2023-09-16,Aston Villa,Crystal Palace,1589.1741191595675,1534.2050369785454,,,,,,,,,,,,,,,,,,,,,13.0,13.0,0.0,0.0,0,1,0,1,54.96908218102203,,,,,,,,,,,0.0,0.0,0,0,5,5,0.10810810810810811,0.10810810810810811,0.10810810810810811,0.0,0,0,6,7,-1,1,10,7,-1,-3,-2,0,0,1,0,0,0,1,0
2023-24,2024-03-02,Everton,West Ham,1508.6716033298176,1543.6266931924963,4.0,4.0,4.0,6.0,-2.0,0.0,5.0,14.0,-9.0,0.2,6.0,6.0,6.0,0.0,0.2,4.0,4.0,12.0,-8.0,0.2,7.0,5.0,0.0,0.0,1,2,1,2,-34.95508986267873,0.0,-1.0,-8.0,7.0,-0.2,2.0,2.0,-6.0,8.0,0.0,2.0,0.0,0,0,27,27,0.7027027027027027,0.7027027027027027,0.7027027027027027,0.0,0,1,31,39,-6,-6,13,8,-8,-5,0,0,0,0,0,0,0,1,0
2024-25,2024-11-04,Fulham,Brentford,1527.7563622137018,1523.7085084944329,7.0,7.0,8.0,8.0,0.0,0.4,12.0,12.0,0.0,0.4,,,,,,,,,,,9.0,9.0,0.0,0.0,0,1,0,1,4.047853719268915,0.0,-4.0,-4.0,0.0,0.0,,,,,,0.0,0.0,0,0,10,10,0.24324324324324326,0.24324324324324326,0.24324324324324326,0.0,0,0,12,13,0,0,12,11,-1,-1,0,0,0,0,0,0,0,0,0
2024-25,2025-04-16,Newcastle,Crystal Palace,1648.0927773438095,1578.1843024564982,12.0,10.0,10.0,4.0,6.0,0.8,10.0,8.0,2.0,0.6,9.0,12.0,11.0,1.0,0.6,10.0,9.0,6.0,3.0,0.6,3.0,4.0,1.0,0.0,1,3,1,3,69.90847488731129,2.0,0.0,-4.0,4.0,0.20000000000000007,-1.0,3.0,5.0,-2.0,0.0,-1.0,1.0,0,0,32,32,0.8378378378378378,0.8378378378378378,0.8378378378378378,0.0,0,1,56,43,16,1,4,12,13,8,15,1,1,1,0,0,0,0,0
2025-26,2025-12-15,Man United,Bournemouth,1578.908183195657,1559.6220624257303,8.0,2.0,9.0,6.0,3.0,0.4,4.0,10.0,-6.0,0.0,10.0,9.0,5.0,4.0,0.6,2.0,8.0,15.0,-7.0,0.0,7.0,9.0,0.0,0.0,1,2,0,2,19.28612076992681,6.0,5.0,-4.0,9.0,0.4,8.0,1.0,-10.0,11.0,0.6,-2.0,0.0,1,0,16,16,0.40540540540540543,0.40540540540540543,0.40540540540540543,0.0,0,0,25,20,4,-3,8,15,5,7,7,0,0,1,0,0,0,0,0
2025-26,2026-05-24,West Ham,Leeds,1503.3316631099174,1537.2342952870702,4.0,11.0,3.0,8.0,-5.0,0.2,10.0,4.0,6.0,0.6,8.0,7.0,3.0,4.0,0.4,7.0,6.0,5.0,1.0,0.2,7.0,7.0,0.0,0.0,1,2,1,2,-33.90263217715278,-7.0,-7.0,4.0,-11.0,-0.39999999999999997,1.0,1.0,-2.0,3.0,0.2,0.0,0.0,0,0,38,38,1.0,1.0,1.0,0.0,0,1,36,47,-22,-4,18,14,-11,-4,-18,0,0,0,1,0,0,0,0
