Outcome,Feature,Coefficient,AbsoluteCoefficient
H,HomeEloBefore,0.19491204556464403,0.19491204556464403
D,HomeEloBefore,-0.053194071137085575,0.053194071137085575
A,HomeEloBefore,-0.1417179744275586,0.1417179744275586
H,AwayEloBefore,-0.07458744180558612,0.07458744180558612
D,AwayEloBefore,-0.06779994180517288,0.06779994180517288
A,AwayEloBefore,0.14238738361075898,0.14238738361075898
H,HomeRollingPoints5,-0.012254327567425685,0.012254327567425685
D,HomeRollingPoints5,0.0036859238160758677,0.0036859238160758677
A,HomeRollingPoints5,0.008568403751349797,0.008568403751349797
H,AwayRollingPoints5,0.007263655716441016,0.007263655716441016
D,AwayRollingPoints5,0.018863955091773445,0.018863955091773445
A,AwayRollingPoints5,-0.026127610808214366,0.026127610808214366
H,HomeRollingGoalsFor5,0.001738088596535296,0.001738088596535296
D,HomeRollingGoalsFor5,0.022064821836613232,0.022064821836613232
A,HomeRollingGoalsFor5,-0.02380291043314854,0.02380291043314854
H,HomeRollingGoalsAgainst5,0.0014268099232064412,0.0014268099232064412
D,HomeRollingGoalsAgainst5,-0.009246630225116539,0.009246630225116539
A,HomeRollingGoalsAgainst5,0.007819820301910071,0.007819820301910071
H,HomeRollingGoalDifference5,-0.0012364167444651162,0.0012364167444651162
D,HomeRollingGoalDifference5,0.010173852986171742,0.010173852986171742
A,HomeRollingGoalDifference5,-0.008937436241706608,0.008937436241706608
H,HomeRollingWinRate5,-0.022447619139145773,0.022447619139145773
D,HomeRollingWinRate5,0.013053747910363695,0.013053747910363695
A,HomeRollingWinRate5,0.009393871228782059,0.009393871228782059
H,AwayRollingGoalsFor5,-0.03712984571068927,0.03712984571068927
D,AwayRollingGoalsFor5,0.02393680999680906,0.02393680999680906
A,AwayRollingGoalsFor5,0.01319303571388028,0.01319303571388028
H,AwayRollingGoalsAgainst5,0.03516439512471142,0.03516439512471142
D,AwayRollingGoalsAgainst5,-0.011530576963831488,0.011530576963831488
A,AwayRollingGoalsAgainst5,-0.02363381816087992,0.02363381816087992
H,AwayRollingGoalDifference5,-0.04503540408657954,0.04503540408657954
D,AwayRollingGoalDifference5,0.022423513882298934,0.022423513882298934
A,AwayRollingGoalDifference5,0.022611890204280644,0.022611890204280644
H,AwayRollingWinRate5,0.007087329083771258,0.007087329083771258
D,AwayRollingWinRate5,-0.006689489910790875,0.006689489910790875
A,AwayRollingWinRate5,-0.00039783917298037686,0.00039783917298037686
H,HomeVenueRollingPoints5,-0.05693020127943964,0.05693020127943964
D,HomeVenueRollingPoints5,0.051585072155425085,0.051585072155425085
A,HomeVenueRollingPoints5,0.00534512912401449,0.00534512912401449
H,HomeVenueRollingGoalsFor5,0.03151166203350483,0.03151166203350483
D,HomeVenueRollingGoalsFor5,-0.0015202482334143125,0.0015202482334143125
A,HomeVenueRollingGoalsFor5,-0.029991413800090527,0.029991413800090527
H,HomeVenueRollingGoalsAgainst5,0.011732257531157236,0.011732257531157236
D,HomeVenueRollingGoalsAgainst5,0.015913461260791847,0.015913461260791847
A,HomeVenueRollingGoalsAgainst5,-0.027645718791949114,0.027645718791949114
H,HomeVenueRollingGoalDifference5,0.015123827321556428,0.015123827321556428
D,HomeVenueRollingGoalDifference5,-0.009881782271627622,0.009881782271627622
A,HomeVenueRollingGoalDifference5,-0.005242045049928872,0.005242045049928872
H,HomeVenueRollingWinRate5,-0.04889946105628891,0.04889946105628891
D,HomeVenueRollingWinRate5,0.017279644250038865,0.017279644250038865
A,HomeVenueRollingWinRate5,0.03161981680625007,0.03161981680625007
H,AwayVenueRollingPoints5,-0.003580131773553034,0.003580131773553034
D,AwayVenueRollingPoints5,0.003636119703990446,0.003636119703990446
A,AwayVenueRollingPoints5,-5.598793043738242e-05,5.598793043738242e-05
H,AwayVenueRollingGoalsFor5,0.007588853654589181,0.007588853654589181
D,AwayVenueRollingGoalsFor5,-0.0054470165833833415,0.0054470165833833415
A,AwayVenueRollingGoalsFor5,-0.0021418370712058387,0.0021418370712058387
H,AwayVenueRollingGoalsAgainst5,-0.00045219917938856696,0.00045219917938856696
D,AwayVenueRollingGoalsAgainst5,0.0027661414592669254,0.0027661414592669254
A,AwayVenueRollingGoalsAgainst5,-0.002313942279878343,0.002313942279878343
H,AwayVenueRollingGoalDifference5,0.0012001601343387981,0.0012001601343387981
D,AwayVenueRollingGoalDifference5,0.0002314335204409821,0.0002314335204409821
A,AwayVenueRollingGoalDifference5,-0.0014315936547798396,0.0014315936547798396
H,AwayVenueRollingWinRate5,0.04420522696125846,0.04420522696125846
D,AwayVenueRollingWinRate5,-0.01690275549630538,0.01690275549630538
A,AwayVenueRollingWinRate5,-0.027302471464953133,0.027302471464953133
H,HomeRestDays,-0.013549594540084635,0.013549594540084635
D,HomeRestDays,0.02068284806972277,0.02068284806972277
A,HomeRestDays,-0.0071332535296381,0.0071332535296381
H,AwayRestDays,-0.02958795836324713,0.02958795836324713
D,AwayRestDays,0.012416447863740163,0.012416447863740163
A,AwayRestDays,0.017171510499507058,0.017171510499507058
H,HomeShortRest3,0.030376875841550473,0.030376875841550473
D,HomeShortRest3,0.025313460037613762,0.025313460037613762
A,HomeShortRest3,-0.05569033587916426,0.05569033587916426
H,AwayShortRest3,-0.02502618598507395,0.02502618598507395
D,AwayShortRest3,0.03272587901995189,0.03272587901995189
A,AwayShortRest3,-0.007699693034878002,0.007699693034878002
H,HomeMatchesLast7Days,-0.041458595946173404,0.041458595946173404
D,HomeMatchesLast7Days,0.017694810979894757,0.017694810979894757
A,HomeMatchesLast7Days,0.023763784966278623,0.023763784966278623
H,HomeMatchesLast14Days,0.008742233703257034,0.008742233703257034
D,HomeMatchesLast14Days,0.004237904239910436,0.004237904239910436
A,HomeMatchesLast14Days,-0.012980137943167458,0.012980137943167458
H,AwayMatchesLast7Days,-0.015535800903431258,0.015535800903431258
D,AwayMatchesLast7Days,-0.022190105327832145,0.022190105327832145
A,AwayMatchesLast7Days,0.03772590623126338,0.03772590623126338
H,AwayMatchesLast14Days,0.00032761382081899874,0.00032761382081899874
D,AwayMatchesLast14Days,0.008311252885205246,0.008311252885205246
A,AwayMatchesLast14Days,-0.008638866706024248,0.008638866706024248
H,EloDifference,0.18850657118197855,0.18850657118197855
D,EloDifference,0.010272807637683347,0.010272807637683347
A,EloDifference,-0.19877937881966173,0.19877937881966173
H,PointsFormDifference5,-0.015081251265936398,0.015081251265936398
D,PointsFormDifference5,-0.009940877360847512,0.009940877360847512
A,PointsFormDifference5,0.025022128626783924,0.025022128626783924
H,GoalsForFormDifference5,0.017004096922018576,0.017004096922018576
D,GoalsForFormDifference5,-0.00743330082948298,0.00743330082948298
A,GoalsForFormDifference5,-0.009570796092535631,0.009570796092535631
H,GoalsAgainstFormDifference5,-0.028377026579639412,0.028377026579639412
D,GoalsAgainstFormDifference5,0.013012533456433589,0.013012533456433589
A,GoalsAgainstFormDifference5,0.0153644931232058,0.0153644931232058
H,GoalDifferenceFormDifference5,0.027793265049867247,0.027793265049867247
D,GoalDifferenceFormDifference5,-0.012506048065257909,0.012506048065257909
A,GoalDifferenceFormDifference5,-0.015287216984609296,0.015287216984609296
H,WinRateFormDifference5,-0.02094042262353008,0.02094042262353008
D,WinRateFormDifference5,0.013998804940536241,0.013998804940536241
A,WinRateFormDifference5,0.006941617682993869,0.006941617682993869
H,VenuePointsFormDifference5,0.003391406599032881,0.003391406599032881
D,VenuePointsFormDifference5,0.010899174708469963,0.010899174708469963
A,VenuePointsFormDifference5,-0.01429058130750288,0.01429058130750288
H,VenueGoalsForFormDifference5,0.04472141760354977,0.04472141760354977
D,VenueGoalsForFormDifference5,-0.021754222292316164,0.021754222292316164
A,VenueGoalsForFormDifference5,-0.02296719531123364,0.02296719531123364
H,VenueGoalsAgainstFormDifference5,-0.03218325502213915,0.03218325502213915
D,VenueGoalsAgainstFormDifference5,0.03497231482703567,0.03497231482703567
A,VenueGoalsAgainstFormDifference5,-0.0027890598048964793,0.0027890598048964793
H,VenueGoalDifferenceFormDifference5,0.049924426618901854,0.049924426618901854
D,VenueGoalDifferenceFormDifference5,-0.036819640452493765,0.036819640452493765
A,VenueGoalDifferenceFormDifference5,-0.01310478616640809,0.01310478616640809
H,VenueWinRateFormDifference5,-0.04236001999427605,0.04236001999427605
D,VenueWinRateFormDifference5,0.015070867034340333,0.015070867034340333
A,VenueWinRateFormDifference5,0.027289152959935704,0.027289152959935704
H,RestDaysDifference,0.026063593990165404,0.026063593990165404
D,RestDaysDifference,0.01324206853368121,0.01324206853368121
A,RestDaysDifference,-0.03930566252384669,0.03930566252384669
H,ShortRestDifference3,0.053887135795725585,0.053887135795725585
D,ShortRestDifference3,-0.0070905636070835885,0.0070905636070835885
A,ShortRestDifference3,-0.04679657218864201,0.04679657218864201
H,MatchesLast7DaysDifference,-0.03361919445751344,0.03361919445751344
D,MatchesLast7DaysDifference,0.052080889080147755,0.052080889080147755
A,MatchesLast7DaysDifference,-0.018461694622634237,0.018461694622634237
H,MatchesLast14DaysDifference,0.012750217006733327,0.012750217006733327
D,MatchesLast14DaysDifference,-0.006129470844386277,0.006129470844386277
A,MatchesLast14DaysDifference,-0.0066207461623471135,0.0066207461623471135
H,AwayMatchWeek,0.011702444997898602,0.011702444997898602
D,AwayMatchWeek,-0.013383157656638297,0.013383157656638297
A,AwayMatchWeek,0.0016807126587396804,0.0016807126587396804
H,HomeMatchWeek,0.012230446241394978,0.012230446241394978
D,HomeMatchWeek,-0.014406762981139038,0.014406762981139038
A,HomeMatchWeek,0.002176316739744026,0.002176316739744026
H,HomeSeasonProgress,0.012230446241394966,0.012230446241394966
D,HomeSeasonProgress,-0.014406762981139033,0.014406762981139033
A,HomeSeasonProgress,0.0021763167397439733,0.0021763167397439733
H,AwaySeasonProgress,0.011702444997898572,0.011702444997898572
D,AwaySeasonProgress,-0.013383157656638268,0.013383157656638268
A,AwaySeasonProgress,0.0016807126587396108,0.0016807126587396108
H,AverageSeasonProgress,0.011970777013124054,0.011970777013124054
D,AverageSeasonProgress,-0.013900034695248902,0.013900034695248902
A,AverageSeasonProgress,0.001929257682124874,0.001929257682124874
H,SeasonProgressDifference,0.009978475526918279,0.009978475526918279
D,SeasonProgressDifference,-0.019268489840381174,0.019268489840381174
A,SeasonProgressDifference,0.009290014313462786,0.009290014313462786
H,MatchesPlayedDifference,0.009978475526917874,0.009978475526917874
D,MatchesPlayedDifference,-0.01926848984038091,0.01926848984038091
A,MatchesPlayedDifference,0.009290014313462942,0.009290014313462942
H,SecondHalfSeason,-0.03145876880754671,0.03145876880754671
D,SecondHalfSeason,0.048997427675624185,0.048997427675624185
A,SecondHalfSeason,-0.017538658868077484,0.017538658868077484
H,HomePointsBefore,0.006148020026902734,0.006148020026902734
D,HomePointsBefore,0.012408849087627875,0.012408849087627875
A,HomePointsBefore,-0.01855686911453065,0.01855686911453065
H,AwayPointsBefore,0.02673678449193572,0.02673678449193572
D,AwayPointsBefore,-0.018179626583027308,0.018179626583027308
A,AwayPointsBefore,-0.008557157908908411,0.008557157908908411
H,HomeGoalDifferenceBefore,0.01951740906103579,0.01951740906103579
D,HomeGoalDifferenceBefore,0.008811053144603856,0.008811053144603856
A,HomeGoalDifferenceBefore,-0.028328462205639653,0.028328462205639653
H,AwayGoalDifferenceBefore,-0.02103092856746955,0.02103092856746955
D,AwayGoalDifferenceBefore,-0.00912756610267018,0.00912756610267018
A,AwayGoalDifferenceBefore,0.03015849467013978,0.03015849467013978
H,HomeLeaguePosition,0.005441638211924257,0.005441638211924257
D,HomeLeaguePosition,-0.030418599115931446,0.030418599115931446
A,HomeLeaguePosition,0.024976960904007244,0.024976960904007244
H,AwayLeaguePosition,0.023579607055506293,0.023579607055506293
D,AwayLeaguePosition,0.019710023634741364,0.019710023634741364
A,AwayLeaguePosition,-0.04328963069024761,0.04328963069024761
H,PointsDifference,-0.02475770060377838,0.02475770060377838
D,PointsDifference,0.0368056763018652,0.0368056763018652
A,PointsDifference,-0.012047975698086846,0.012047975698086846
H,PositionDifference,0.01164937398875717,0.01164937398875717
D,PositionDifference,0.03605708543793944,0.03605708543793944
A,PositionDifference,-0.04770645942669657,0.04770645942669657
H,GoalDifferenceDifference,0.028062658689357443,0.028062658689357443
D,GoalDifferenceDifference,0.01241462879625239,0.01241462879625239
A,GoalDifferenceDifference,-0.04047728748560982,0.04047728748560982
H,HomeTop4Before,0.05311235299708249,0.05311235299708249
D,HomeTop4Before,-0.08131602386257908,0.08131602386257908
A,HomeTop4Before,0.028203670865496595,0.028203670865496595
H,HomeTop6Before,0.05035701827353672,0.05035701827353672
D,HomeTop6Before,-0.01932164139995699,0.01932164139995699
A,HomeTop6Before,-0.03103537687357974,0.03103537687357974
H,HomeTopHalfBefore,-0.0027460575920862486,0.0027460575920862486
D,HomeTopHalfBefore,-0.030535805669687294,0.030535805669687294
A,HomeTopHalfBefore,0.0332818632617735,0.0332818632617735
H,HomeBottom3Before,0.007831271816023786,0.007831271816023786
D,HomeBottom3Before,0.03929467893248426,0.03929467893248426
A,HomeBottom3Before,-0.047125950748508116,0.047125950748508116
H,AwayTop4Before,-0.05021820523775388,0.05021820523775388
D,AwayTop4Before,0.021586786789121307,0.021586786789121307
A,AwayTop4Before,0.028631418448632533,0.028631418448632533
H,AwayTop6Before,0.043897913680261885,0.043897913680261885
D,AwayTop6Before,0.002814690181939157,0.002814690181939157
A,AwayTop6Before,-0.046712603862200996,0.046712603862200996
H,AwayTopHalfBefore,-0.02423755662250406,0.02423755662250406
D,AwayTopHalfBefore,0.04406494490484242,0.04406494490484242
A,AwayTopHalfBefore,-0.01982738828233828,0.01982738828233828
H,AwayBottom3Before,0.016061817820885366,0.016061817820885366
D,AwayBottom3Before,-0.021212123802213764,0.021212123802213764
A,AwayBottom3Before,0.005150305981328443,0.005150305981328443
