FixtureNumber,Season,Kickoff,OfficialHomeTeam,OfficialAwayTeam,HomeTeam,AwayTeam,ExactPreMatchStateAvailableNow,ForecastState,Reason
1,2026-27,2026-08-21 20:00:00,Arsenal,Coventry City,Arsenal,Coventry,True,READY,First league fixture for both clubs; all required pre-match state is available.
2,2026-27,2026-08-22 12:30:00,Hull City,Manchester United,Hull,Man United,True,READY,First league fixture for both clubs; all required pre-match state is available.
3,2026-27,2026-08-22 15:00:00,Everton,Crystal Palace,Everton,Crystal Palace,True,READY,First league fixture for both clubs; all required pre-match state is available.
4,2026-27,2026-08-22 15:00:00,Ipswich Town,Sunderland,Ipswich,Sunderland,True,READY,First league fixture for both clubs; all required pre-match state is available.
5,2026-27,2026-08-22 15:00:00,Nottingham Forest,Leeds United,Nott'm Forest,Leeds,True,READY,First league fixture for both clubs; all required pre-match state is available.
6,2026-27,2026-08-22 17:30:00,Brentford,Tottenham Hotspur,Brentford,Tottenham,True,READY,First league fixture for both clubs; all required pre-match state is available.
7,2026-27,2026-08-23 14:00:00,Brighton & Hove Albion,Aston Villa,Brighton,Aston Villa,True,READY,First league fixture for both clubs; all required pre-match state is available.
8,2026-27,2026-08-23 14:00:00,Manchester City,AFC Bournemouth,Man City,Bournemouth,True,READY,First league fixture for both clubs; all required pre-match state is available.
9,2026-27,2026-08-23 16:30:00,Newcastle United,Liverpool,Newcastle,Liverpool,True,READY,First league fixture for both clubs; all required pre-match state is available.
10,2026-27,2026-08-24 20:00:00,Fulham,Chelsea,Fulham,Chelsea,True,READY,First league fixture for both clubs; all required pre-match state is available.
11,2026-27,2026-08-28 20:00:00,Crystal Palace,Manchester City,Crystal Palace,Man City,False,REQUIRES_SEQUENTIAL_UPDATE,"At least one required feature depends on earlier 2026-27 results, including Elo, rolling form or league-table state."
12,2026-27,2026-08-29 12:30:00,Liverpool,Nottingham Forest,Liverpool,Nott'm Forest,False,REQUIRES_SEQUENTIAL_UPDATE,"At least one required feature depends on earlier 2026-27 results, including Elo, rolling form or league-table state."
13,2026-27,2026-08-29 15:00:00,AFC Bournemouth,Everton,Bournemouth,Everton,False,REQUIRES_SEQUENTIAL_UPDATE,"At least one required feature depends on earlier 2026-27 results, including Elo, rolling form or league-table state."
14,2026-27,2026-08-29 15:00:00,Coventry City,Hull City,Coventry,Hull,False,REQUIRES_SEQUENTIAL_UPDATE,"At least one required feature depends on earlier 2026-27 results, including Elo, rolling form or league-table state."
15,2026-27,2026-08-29 17:30:00,Tottenham Hotspur,Newcastle United,Tottenham,Newcastle,False,REQUIRES_SEQUENTIAL_UPDATE,"At least one required feature depends on earlier 2026-27 results, including Elo, rolling form or league-table state."
16,2026-27,2026-08-30 14:00:00,Chelsea,Brighton & Hove Albion,Chelsea,Brighton,False,REQUIRES_SEQUENTIAL_UPDATE,"At least one required feature depends on earlier 2026-27 results, including Elo, rolling form or league-table state."
17,2026-27,2026-08-30 14:00:00,Leeds United,Brentford,Leeds,Brentford,False,REQUIRES_SEQUENTIAL_UPDATE,"At least one required feature depends on earlier 2026-27 results, including Elo, rolling form or league-table state."
18,2026-27,2026-08-30 14:00:00,Sunderland,Fulham,Sunderland,Fulham,False,REQUIRES_SEQUENTIAL_UPDATE,"At least one required feature depends on earlier 2026-27 results, including Elo, rolling form or league-table state."
19,2026-27,2026-08-30 16:30:00,Manchester United,Ipswich Town,Man United,Ipswich,False,REQUIRES_SEQUENTIAL_UPDATE,"At least one required feature depends on earlier 2026-27 results, including Elo, rolling form or league-table state."
20,2026-27,2026-08-31 20:00:00,Aston Villa,Arsenal,Aston Villa,Arsenal,False,REQUIRES_SEQUENTIAL_UPDATE,"At least one required feature depends on earlier 2026-27 results, including Elo, rolling form or league-table state."
21,2026-27,2026-09-04 20:00:00,Ipswich Town,Liverpool,Ipswich,Liverpool,False,REQUIRES_SEQUENTIAL_UPDATE,"At least one required feature depends on earlier 2026-27 results, including Elo, rolling form or league-table state."
22,2026-27,2026-09-05 12:30:00,Newcastle United,AFC Bournemouth,Newcastle,Bournemouth,False,REQUIRES_SEQUENTIAL_UPDATE,"At least one required feature depends on earlier 2026-27 results, including Elo, rolling form or league-table state."
23,2026-27,2026-09-05 15:00:00,Brentford,Sunderland,Brentford,Sunderland,False,REQUIRES_SEQUENTIAL_UPDATE,"At least one required feature depends on earlier 2026-27 results, including Elo, rolling form or league-table state."
24,2026-27,2026-09-05 15:00:00,Brighton & Hove Albion,Leeds United,Brighton,Leeds,False,REQUIRES_SEQUENTIAL_UPDATE,"At least one required feature depends on earlier 2026-27 results, including Elo, rolling form or league-table state."
25,2026-27,2026-09-05 15:00:00,Fulham,Crystal Palace,Fulham,Crystal Palace,False,REQUIRES_SEQUENTIAL_UPDATE,"At least one required feature depends on earlier 2026-27 results, including Elo, rolling form or league-table state."
26,2026-27,2026-09-05 15:00:00,Manchester City,Coventry City,Man City,Coventry,False,REQUIRES_SEQUENTIAL_UPDATE,"At least one required feature depends on earlier 2026-27 results, including Elo, rolling form or league-table state."
27,2026-27,2026-09-05 15:00:00,Nottingham Forest,Tottenham Hotspur,Nott'm Forest,Tottenham,False,REQUIRES_SEQUENTIAL_UPDATE,"At least one required feature depends on earlier 2026-27 results, including Elo, rolling form or league-table state."
28,2026-27,2026-09-05 17:30:00,Hull City,Aston Villa,Hull,Aston Villa,False,REQUIRES_SEQUENTIAL_UPDATE,"At least one required feature depends on earlier 2026-27 results, including Elo, rolling form or league-table state."
29,2026-27,2026-09-06 14:00:00,Everton,Manchester United,Everton,Man United,False,REQUIRES_SEQUENTIAL_UPDATE,"At least one required feature depends on earlier 2026-27 results, including Elo, rolling form or league-table state."
30,2026-27,2026-09-06 16:30:00,Arsenal,Chelsea,Arsenal,Chelsea,False,REQUIRES_SEQUENTIAL_UPDATE,"At least one required feature depends on earlier 2026-27 results, including Elo, rolling form or league-table state."
31,2026-27,2026-09-12 15:00:00,AFC Bournemouth,Brentford,Bournemouth,Brentford,False,REQUIRES_SEQUENTIAL_UPDATE,"At least one required feature depends on earlier 2026-27 results, including Elo, rolling form or league-table state."
32,2026-27,2026-09-12 15:00:00,Aston Villa,Nottingham Forest,Aston Villa,Nott'm Forest,False,REQUIRES_SEQUENTIAL_UPDATE,"At least one required feature depends on earlier 2026-27 results, including Elo, rolling form or league-table state."
33,2026-27,2026-09-12 15:00:00,Chelsea,Hull City,Chelsea,Hull,False,REQUIRES_SEQUENTIAL_UPDATE,"At least one required feature depends on earlier 2026-27 results, including Elo, rolling form or league-table state."
34,2026-27,2026-09-12 15:00:00,Crystal Palace,Ipswich Town,Crystal Palace,Ipswich,False,REQUIRES_SEQUENTIAL_UPDATE,"At least one required feature depends on earlier 2026-27 results, including Elo, rolling form or league-table state."
35,2026-27,2026-09-12 15:00:00,Liverpool,Fulham,Liverpool,Fulham,False,REQUIRES_SEQUENTIAL_UPDATE,"At least one required feature depends on earlier 2026-27 results, including Elo, rolling form or league-table state."
36,2026-27,2026-09-12 17:30:00,Tottenham Hotspur,Everton,Tottenham,Everton,False,REQUIRES_SEQUENTIAL_UPDATE,"At least one required feature depends on earlier 2026-27 results, including Elo, rolling form or league-table state."
37,2026-27,2026-09-12 20:00:00,Sunderland,Arsenal,Sunderland,Arsenal,False,REQUIRES_SEQUENTIAL_UPDATE,"At least one required feature depends on earlier 2026-27 results, including Elo, rolling form or league-table state."
38,2026-27,2026-09-13 14:00:00,Coventry City,Brighton & Hove Albion,Coventry,Brighton,False,REQUIRES_SEQUENTIAL_UPDATE,"At least one required feature depends on earlier 2026-27 results, including Elo, rolling form or league-table state."
39,2026-27,2026-09-13 16:30:00,Manchester United,Manchester City,Man United,Man City,False,REQUIRES_SEQUENTIAL_UPDATE,"At least one required feature depends on earlier 2026-27 results, including Elo, rolling form or league-table state."
40,2026-27,2026-09-14 20:00:00,Leeds United,Newcastle United,Leeds,Newcastle,False,REQUIRES_SEQUENTIAL_UPDATE,"At least one required feature depends on earlier 2026-27 results, including Elo, rolling form or league-table state."
41,2026-27,2026-09-18 20:00:00,Brentford,Chelsea,Brentford,Chelsea,False,REQUIRES_SEQUENTIAL_UPDATE,"At least one required feature depends on earlier 2026-27 results, including Elo, rolling form or league-table state."
42,2026-27,2026-09-19 12:30:00,Tottenham Hotspur,Aston Villa,Tottenham,Aston Villa,False,REQUIRES_SEQUENTIAL_UPDATE,"At least one required feature depends on earlier 2026-27 results, including Elo, rolling form or league-table state."
43,2026-27,2026-09-19 15:00:00,Brighton & Hove Albion,Arsenal,Brighton,Arsenal,False,REQUIRES_SEQUENTIAL_UPDATE,"At least one required feature depends on earlier 2026-27 results, including Elo, rolling form or league-table state."
44,2026-27,2026-09-19 15:00:00,Everton,Ipswich Town,Everton,Ipswich,False,REQUIRES_SEQUENTIAL_UPDATE,"At least one required feature depends on earlier 2026-27 results, including Elo, rolling form or league-table state."
45,2026-27,2026-09-19 15:00:00,Leeds United,Crystal Palace,Leeds,Crystal Palace,False,REQUIRES_SEQUENTIAL_UPDATE,"At least one required feature depends on earlier 2026-27 results, including Elo, rolling form or league-table state."
46,2026-27,2026-09-19 15:00:00,Manchester City,Sunderland,Man City,Sunderland,False,REQUIRES_SEQUENTIAL_UPDATE,"At least one required feature depends on earlier 2026-27 results, including Elo, rolling form or league-table state."
47,2026-27,2026-09-19 15:00:00,Newcastle United,Hull City,Newcastle,Hull,False,REQUIRES_SEQUENTIAL_UPDATE,"At least one required feature depends on earlier 2026-27 results, including Elo, rolling form or league-table state."
48,2026-27,2026-09-19 17:30:00,Nottingham Forest,Coventry City,Nott'm Forest,Coventry,False,REQUIRES_SEQUENTIAL_UPDATE,"At least one required feature depends on earlier 2026-27 results, including Elo, rolling form or league-table state."
49,2026-27,2026-09-20 14:00:00,AFC Bournemouth,Liverpool,Bournemouth,Liverpool,False,REQUIRES_SEQUENTIAL_UPDATE,"At least one required feature depends on earlier 2026-27 results, including Elo, rolling form or league-table state."
50,2026-27,2026-09-20 16:30:00,Fulham,Manchester United,Fulham,Man United,False,REQUIRES_SEQUENTIAL_UPDATE,"At least one required feature depends on earlier 2026-27 results, including Elo, rolling form or league-table state."
51,2026-27,2026-10-10 15:00:00,Arsenal,Leeds United,Arsenal,Leeds,False,REQUIRES_SEQUENTIAL_UPDATE,"At least one required feature depends on earlier 2026-27 results, including Elo, rolling form or league-table state."
52,2026-27,2026-10-10 15:00:00,Aston Villa,Brentford,Aston Villa,Brentford,False,REQUIRES_SEQUENTIAL_UPDATE,"At least one required feature depends on earlier 2026-27 results, including Elo, rolling form or league-table state."
53,2026-27,2026-10-10 15:00:00,Chelsea,AFC Bournemouth,Chelsea,Bournemouth,False,REQUIRES_SEQUENTIAL_UPDATE,"At least one required feature depends on earlier 2026-27 results, including Elo, rolling form or league-table state."
54,2026-27,2026-10-10 15:00:00,Coventry City,Newcastle United,Coventry,Newcastle,False,REQUIRES_SEQUENTIAL_UPDATE,"At least one required feature depends on earlier 2026-27 results, including Elo, rolling form or league-table state."
55,2026-27,2026-10-10 15:00:00,Crystal Palace,Nottingham Forest,Crystal Palace,Nott'm Forest,False,REQUIRES_SEQUENTIAL_UPDATE,"At least one required feature depends on earlier 2026-27 results, including Elo, rolling form or league-table state."
56,2026-27,2026-10-10 15:00:00,Hull City,Everton,Hull,Everton,False,REQUIRES_SEQUENTIAL_UPDATE,"At least one required feature depends on earlier 2026-27 results, including Elo, rolling form or league-table state."
57,2026-27,2026-10-10 15:00:00,Ipswich Town,Fulham,Ipswich,Fulham,False,REQUIRES_SEQUENTIAL_UPDATE,"At least one required feature depends on earlier 2026-27 results, including Elo, rolling form or league-table state."
58,2026-27,2026-10-10 15:00:00,Liverpool,Manchester City,Liverpool,Man City,False,REQUIRES_SEQUENTIAL_UPDATE,"At least one required feature depends on earlier 2026-27 results, including Elo, rolling form or league-table state."
59,2026-27,2026-10-10 15:00:00,Manchester United,Tottenham Hotspur,Man United,Tottenham,False,REQUIRES_SEQUENTIAL_UPDATE,"At least one required feature depends on earlier 2026-27 results, including Elo, rolling form or league-table state."
60,2026-27,2026-10-10 15:00:00,Sunderland,Brighton & Hove Albion,Sunderland,Brighton,False,REQUIRES_SEQUENTIAL_UPDATE,"At least one required feature depends on earlier 2026-27 results, including Elo, rolling form or league-table state."
61,2026-27,2026-10-17 15:00:00,AFC Bournemouth,Sunderland,Bournemouth,Sunderland,False,REQUIRES_SEQUENTIAL_UPDATE,"At least one required feature depends on earlier 2026-27 results, including Elo, rolling form or league-table state."
62,2026-27,2026-10-17 15:00:00,Brentford,Liverpool,Brentford,Liverpool,False,REQUIRES_SEQUENTIAL_UPDATE,"At least one required feature depends on earlier 2026-27 results, including Elo, rolling form or league-table state."
63,2026-27,2026-10-17 15:00:00,Brighton & Hove Albion,Crystal Palace,Brighton,Crystal Palace,False,REQUIRES_SEQUENTIAL_UPDATE,"At least one required feature depends on earlier 2026-27 results, including Elo, rolling form or league-table state."
64,2026-27,2026-10-17 15:00:00,Everton,Chelsea,Everton,Chelsea,False,REQUIRES_SEQUENTIAL_UPDATE,"At least one required feature depends on earlier 2026-27 results, including Elo, rolling form or league-table state."
65,2026-27,2026-10-17 15:00:00,Fulham,Hull City,Fulham,Hull,False,REQUIRES_SEQUENTIAL_UPDATE,"At least one required feature depends on earlier 2026-27 results, including Elo, rolling form or league-table state."
66,2026-27,2026-10-17 15:00:00,Leeds United,Manchester United,Leeds,Man United,False,REQUIRES_SEQUENTIAL_UPDATE,"At least one required feature depends on earlier 2026-27 results, including Elo, rolling form or league-table state."
67,2026-27,2026-10-17 15:00:00,Manchester City,Ipswich Town,Man City,Ipswich,False,REQUIRES_SEQUENTIAL_UPDATE,"At least one required feature depends on earlier 2026-27 results, including Elo, rolling form or league-table state."
68,2026-27,2026-10-17 15:00:00,Newcastle United,Aston Villa,Newcastle,Aston Villa,False,REQUIRES_SEQUENTIAL_UPDATE,"At least one required feature depends on earlier 2026-27 results, including Elo, rolling form or league-table state."
69,2026-27,2026-10-17 15:00:00,Nottingham Forest,Arsenal,Nott'm Forest,Arsenal,False,REQUIRES_SEQUENTIAL_UPDATE,"At least one required feature depends on earlier 2026-27 results, including Elo, rolling form or league-table state."
70,2026-27,2026-10-17 15:00:00,Tottenham Hotspur,Coventry City,Tottenham,Coventry,False,REQUIRES_SEQUENTIAL_UPDATE,"At least one required feature depends on earlier 2026-27 results, including Elo, rolling form or league-table state."
71,2026-27,2026-10-24 15:00:00,Arsenal,Everton,Arsenal,Everton,False,REQUIRES_SEQUENTIAL_UPDATE,"At least one required feature depends on earlier 2026-27 results, including Elo, rolling form or league-table state."
72,2026-27,2026-10-24 15:00:00,Aston Villa,Manchester City,Aston Villa,Man City,False,REQUIRES_SEQUENTIAL_UPDATE,"At least one required feature depends on earlier 2026-27 results, including Elo, rolling form or league-table state."
73,2026-27,2026-10-24 15:00:00,Chelsea,Tottenham Hotspur,Chelsea,Tottenham,False,REQUIRES_SEQUENTIAL_UPDATE,"At least one required feature depends on earlier 2026-27 results, including Elo, rolling form or league-table state."
74,2026-27,2026-10-24 15:00:00,Coventry City,Fulham,Coventry,Fulham,False,REQUIRES_SEQUENTIAL_UPDATE,"At least one required feature depends on earlier 2026-27 results, including Elo, rolling form or league-table state."
75,2026-27,2026-10-24 15:00:00,Crystal Palace,Newcastle United,Crystal Palace,Newcastle,False,REQUIRES_SEQUENTIAL_UPDATE,"At least one required feature depends on earlier 2026-27 results, including Elo, rolling form or league-table state."
76,2026-27,2026-10-24 15:00:00,Hull City,Brentford,Hull,Brentford,False,REQUIRES_SEQUENTIAL_UPDATE,"At least one required feature depends on earlier 2026-27 results, including Elo, rolling form or league-table state."
77,2026-27,2026-10-24 15:00:00,Ipswich Town,Nottingham Forest,Ipswich,Nott'm Forest,False,REQUIRES_SEQUENTIAL_UPDATE,"At least one required feature depends on earlier 2026-27 results, including Elo, rolling form or league-table state."
78,2026-27,2026-10-24 15:00:00,Liverpool,Brighton & Hove Albion,Liverpool,Brighton,False,REQUIRES_SEQUENTIAL_UPDATE,"At least one required feature depends on earlier 2026-27 results, including Elo, rolling form or league-table state."
79,2026-27,2026-10-24 15:00:00,Manchester United,AFC Bournemouth,Man United,Bournemouth,False,REQUIRES_SEQUENTIAL_UPDATE,"At least one required feature depends on earlier 2026-27 results, including Elo, rolling form or league-table state."
80,2026-27,2026-10-24 15:00:00,Sunderland,Leeds United,Sunderland,Leeds,False,REQUIRES_SEQUENTIAL_UPDATE,"At least one required feature depends on earlier 2026-27 results, including Elo, rolling form or league-table state."
81,2026-27,2026-10-31 15:00:00,AFC Bournemouth,Leeds United,Bournemouth,Leeds,False,REQUIRES_SEQUENTIAL_UPDATE,"At least one required feature depends on earlier 2026-27 results, including Elo, rolling form or league-table state."
82,2026-27,2026-10-31 15:00:00,Aston Villa,Fulham,Aston Villa,Fulham,False,REQUIRES_SEQUENTIAL_UPDATE,"At least one required feature depends on earlier 2026-27 results, including Elo, rolling form or league-table state."
83,2026-27,2026-10-31 15:00:00,Brentford,Nottingham Forest,Brentford,Nott'm Forest,False,REQUIRES_SEQUENTIAL_UPDATE,"At least one required feature depends on earlier 2026-27 results, including Elo, rolling form or league-table state."
84,2026-27,2026-10-31 15:00:00,Chelsea,Manchester United,Chelsea,Man United,False,REQUIRES_SEQUENTIAL_UPDATE,"At least one required feature depends on earlier 2026-27 results, including Elo, rolling form or league-table state."
85,2026-27,2026-10-31 15:00:00,Coventry City,Sunderland,Coventry,Sunderland,False,REQUIRES_SEQUENTIAL_UPDATE,"At least one required feature depends on earlier 2026-27 results, including Elo, rolling form or league-table state."
86,2026-27,2026-10-31 15:00:00,Hull City,Ipswich Town,Hull,Ipswich,False,REQUIRES_SEQUENTIAL_UPDATE,"At least one required feature depends on earlier 2026-27 results, including Elo, rolling form or league-table state."
87,2026-27,2026-10-31 15:00:00,Liverpool,Arsenal,Liverpool,Arsenal,False,REQUIRES_SEQUENTIAL_UPDATE,"At least one required feature depends on earlier 2026-27 results, including Elo, rolling form or league-table state."
88,2026-27,2026-10-31 15:00:00,Manchester City,Brighton & Hove Albion,Man City,Brighton,False,REQUIRES_SEQUENTIAL_UPDATE,"At least one required feature depends on earlier 2026-27 results, including Elo, rolling form or league-table state."
89,2026-27,2026-10-31 15:00:00,Newcastle United,Everton,Newcastle,Everton,False,REQUIRES_SEQUENTIAL_UPDATE,"At least one required feature depends on earlier 2026-27 results, including Elo, rolling form or league-table state."
90,2026-27,2026-10-31 15:00:00,Tottenham Hotspur,Crystal Palace,Tottenham,Crystal Palace,False,REQUIRES_SEQUENTIAL_UPDATE,"At least one required feature depends on earlier 2026-27 results, including Elo, rolling form or league-table state."
91,2026-27,2026-11-07 15:00:00,Arsenal,Hull City,Arsenal,Hull,False,REQUIRES_SEQUENTIAL_UPDATE,"At least one required feature depends on earlier 2026-27 results, including Elo, rolling form or league-table state."
92,2026-27,2026-11-07 15:00:00,Brighton & Hove Albion,Brentford,Brighton,Brentford,False,REQUIRES_SEQUENTIAL_UPDATE,"At least one required feature depends on earlier 2026-27 results, including Elo, rolling form or league-table state."
93,2026-27,2026-11-07 15:00:00,Crystal Palace,Liverpool,Crystal Palace,Liverpool,False,REQUIRES_SEQUENTIAL_UPDATE,"At least one required feature depends on earlier 2026-27 results, including Elo, rolling form or league-table state."
94,2026-27,2026-11-07 15:00:00,Everton,Coventry City,Everton,Coventry,False,REQUIRES_SEQUENTIAL_UPDATE,"At least one required feature depends on earlier 2026-27 results, including Elo, rolling form or league-table state."
95,2026-27,2026-11-07 15:00:00,Fulham,Newcastle United,Fulham,Newcastle,False,REQUIRES_SEQUENTIAL_UPDATE,"At least one required feature depends on earlier 2026-27 results, including Elo, rolling form or league-table state."
96,2026-27,2026-11-07 15:00:00,Ipswich Town,AFC Bournemouth,Ipswich,Bournemouth,False,REQUIRES_SEQUENTIAL_UPDATE,"At least one required feature depends on earlier 2026-27 results, including Elo, rolling form or league-table state."
97,2026-27,2026-11-07 15:00:00,Leeds United,Tottenham Hotspur,Leeds,Tottenham,False,REQUIRES_SEQUENTIAL_UPDATE,"At least one required feature depends on earlier 2026-27 results, including Elo, rolling form or league-table state."
98,2026-27,2026-11-07 15:00:00,Manchester United,Aston Villa,Man United,Aston Villa,False,REQUIRES_SEQUENTIAL_UPDATE,"At least one required feature depends on earlier 2026-27 results, including Elo, rolling form or league-table state."
99,2026-27,2026-11-07 15:00:00,Nottingham Forest,Manchester City,Nott'm Forest,Man City,False,REQUIRES_SEQUENTIAL_UPDATE,"At least one required feature depends on earlier 2026-27 results, including Elo, rolling form or league-table state."
100,2026-27,2026-11-07 15:00:00,Sunderland,Chelsea,Sunderland,Chelsea,False,REQUIRES_SEQUENTIAL_UPDATE,"At least one required feature depends on earlier 2026-27 results, including Elo, rolling form or league-table state."
101,2026-27,2026-11-21 15:00:00,AFC Bournemouth,Nottingham Forest,Bournemouth,Nott'm Forest,False,REQUIRES_SEQUENTIAL_UPDATE,"At least one required feature depends on earlier 2026-27 results, including Elo, rolling form or league-table state."
102,2026-27,2026-11-21 15:00:00,Aston Villa,Sunderland,Aston Villa,Sunderland,False,REQUIRES_SEQUENTIAL_UPDATE,"At least one required feature depends on earlier 2026-27 results, including Elo, rolling form or league-table state."
103,2026-27,2026-11-21 15:00:00,Brentford,Everton,Brentford,Everton,False,REQUIRES_SEQUENTIAL_UPDATE,"At least one required feature depends on earlier 2026-27 results, including Elo, rolling form or league-table state."
104,2026-27,2026-11-21 15:00:00,Chelsea,Leeds United,Chelsea,Leeds,False,REQUIRES_SEQUENTIAL_UPDATE,"At least one required feature depends on earlier 2026-27 results, including Elo, rolling form or league-table state."
105,2026-27,2026-11-21 15:00:00,Coventry City,Crystal Palace,Coventry,Crystal Palace,False,REQUIRES_SEQUENTIAL_UPDATE,"At least one required feature depends on earlier 2026-27 results, including Elo, rolling form or league-table state."
106,2026-27,2026-11-21 15:00:00,Hull City,Brighton & Hove Albion,Hull,Brighton,False,REQUIRES_SEQUENTIAL_UPDATE,"At least one required feature depends on earlier 2026-27 results, including Elo, rolling form or league-table state."
107,2026-27,2026-11-21 15:00:00,Liverpool,Manchester United,Liverpool,Man United,False,REQUIRES_SEQUENTIAL_UPDATE,"At least one required feature depends on earlier 2026-27 results, including Elo, rolling form or league-table state."
108,2026-27,2026-11-21 15:00:00,Manchester City,Fulham,Man City,Fulham,False,REQUIRES_SEQUENTIAL_UPDATE,"At least one required feature depends on earlier 2026-27 results, including Elo, rolling form or league-table state."
109,2026-27,2026-11-21 15:00:00,Newcastle United,Arsenal,Newcastle,Arsenal,False,REQUIRES_SEQUENTIAL_UPDATE,"At least one required feature depends on earlier 2026-27 results, including Elo, rolling form or league-table state."
110,2026-27,2026-11-21 15:00:00,Tottenham Hotspur,Ipswich Town,Tottenham,Ipswich,False,REQUIRES_SEQUENTIAL_UPDATE,"At least one required feature depends on earlier 2026-27 results, including Elo, rolling form or league-table state."
111,2026-27,2026-11-28 15:00:00,Arsenal,Manchester City,Arsenal,Man City,False,REQUIRES_SEQUENTIAL_UPDATE,"At least one required feature depends on earlier 2026-27 results, including Elo, rolling form or league-table state."
112,2026-27,2026-11-28 15:00:00,Brighton & Hove Albion,Newcastle United,Brighton,Newcastle,False,REQUIRES_SEQUENTIAL_UPDATE,"At least one required feature depends on earlier 2026-27 results, including Elo, rolling form or league-table state."
113,2026-27,2026-11-28 15:00:00,Crystal Palace,Hull City,Crystal Palace,Hull,False,REQUIRES_SEQUENTIAL_UPDATE,"At least one required feature depends on earlier 2026-27 results, including Elo, rolling form or league-table state."
114,2026-27,2026-11-28 15:00:00,Everton,Liverpool,Everton,Liverpool,False,REQUIRES_SEQUENTIAL_UPDATE,"At least one required feature depends on earlier 2026-27 results, including Elo, rolling form or league-table state."
115,2026-27,2026-11-28 15:00:00,Fulham,AFC Bournemouth,Fulham,Bournemouth,False,REQUIRES_SEQUENTIAL_UPDATE,"At least one required feature depends on earlier 2026-27 results, including Elo, rolling form or league-table state."
116,2026-27,2026-11-28 15:00:00,Ipswich Town,Aston Villa,Ipswich,Aston Villa,False,REQUIRES_SEQUENTIAL_UPDATE,"At least one required feature depends on earlier 2026-27 results, including Elo, rolling form or league-table state."
117,2026-27,2026-11-28 15:00:00,Leeds United,Coventry City,Leeds,Coventry,False,REQUIRES_SEQUENTIAL_UPDATE,"At least one required feature depends on earlier 2026-27 results, including Elo, rolling form or league-table state."
118,2026-27,2026-11-28 15:00:00,Manchester United,Brentford,Man United,Brentford,False,REQUIRES_SEQUENTIAL_UPDATE,"At least one required feature depends on earlier 2026-27 results, including Elo, rolling form or league-table state."
119,2026-27,2026-11-28 15:00:00,Nottingham Forest,Chelsea,Nott'm Forest,Chelsea,False,REQUIRES_SEQUENTIAL_UPDATE,"At least one required feature depends on earlier 2026-27 results, including Elo, rolling form or league-table state."
120,2026-27,2026-11-28 15:00:00,Sunderland,Tottenham Hotspur,Sunderland,Tottenham,False,REQUIRES_SEQUENTIAL_UPDATE,"At least one required feature depends on earlier 2026-27 results, including Elo, rolling form or league-table state."
121,2026-27,2026-12-02 20:00:00,AFC Bournemouth,Brighton & Hove Albion,Bournemouth,Brighton,False,REQUIRES_SEQUENTIAL_UPDATE,"At least one required feature depends on earlier 2026-27 results, including Elo, rolling form or league-table state."
122,2026-27,2026-12-02 20:00:00,Aston Villa,Everton,Aston Villa,Everton,False,REQUIRES_SEQUENTIAL_UPDATE,"At least one required feature depends on earlier 2026-27 results, including Elo, rolling form or league-table state."
123,2026-27,2026-12-02 20:00:00,Brentford,Arsenal,Brentford,Arsenal,False,REQUIRES_SEQUENTIAL_UPDATE,"At least one required feature depends on earlier 2026-27 results, including Elo, rolling form or league-table state."
124,2026-27,2026-12-02 20:00:00,Chelsea,Crystal Palace,Chelsea,Crystal Palace,False,REQUIRES_SEQUENTIAL_UPDATE,"At least one required feature depends on earlier 2026-27 results, including Elo, rolling form or league-table state."
125,2026-27,2026-12-02 20:00:00,Coventry City,Ipswich Town,Coventry,Ipswich,False,REQUIRES_SEQUENTIAL_UPDATE,"At least one required feature depends on earlier 2026-27 results, including Elo, rolling form or league-table state."
126,2026-27,2026-12-02 20:00:00,Hull City,Nottingham Forest,Hull,Nott'm Forest,False,REQUIRES_SEQUENTIAL_UPDATE,"At least one required feature depends on earlier 2026-27 results, including Elo, rolling form or league-table state."
127,2026-27,2026-12-02 20:00:00,Liverpool,Sunderland,Liverpool,Sunderland,False,REQUIRES_SEQUENTIAL_UPDATE,"At least one required feature depends on earlier 2026-27 results, including Elo, rolling form or league-table state."
128,2026-27,2026-12-02 20:00:00,Manchester City,Leeds United,Man City,Leeds,False,REQUIRES_SEQUENTIAL_UPDATE,"At least one required feature depends on earlier 2026-27 results, including Elo, rolling form or league-table state."
129,2026-27,2026-12-02 20:00:00,Newcastle United,Manchester United,Newcastle,Man United,False,REQUIRES_SEQUENTIAL_UPDATE,"At least one required feature depends on earlier 2026-27 results, including Elo, rolling form or league-table state."
130,2026-27,2026-12-02 20:00:00,Tottenham Hotspur,Fulham,Tottenham,Fulham,False,REQUIRES_SEQUENTIAL_UPDATE,"At least one required feature depends on earlier 2026-27 results, including Elo, rolling form or league-table state."
131,2026-27,2026-12-05 15:00:00,AFC Bournemouth,Hull City,Bournemouth,Hull,False,REQUIRES_SEQUENTIAL_UPDATE,"At least one required feature depends on earlier 2026-27 results, including Elo, rolling form or league-table state."
132,2026-27,2026-12-05 15:00:00,Aston Villa,Crystal Palace,Aston Villa,Crystal Palace,False,REQUIRES_SEQUENTIAL_UPDATE,"At least one required feature depends on earlier 2026-27 results, including Elo, rolling form or league-table state."
133,2026-27,2026-12-05 15:00:00,Brentford,Manchester City,Brentford,Man City,False,REQUIRES_SEQUENTIAL_UPDATE,"At least one required feature depends on earlier 2026-27 results, including Elo, rolling form or league-table state."
134,2026-27,2026-12-05 15:00:00,Chelsea,Liverpool,Chelsea,Liverpool,False,REQUIRES_SEQUENTIAL_UPDATE,"At least one required feature depends on earlier 2026-27 results, including Elo, rolling form or league-table state."
135,2026-27,2026-12-05 15:00:00,Everton,Fulham,Everton,Fulham,False,REQUIRES_SEQUENTIAL_UPDATE,"At least one required feature depends on earlier 2026-27 results, including Elo, rolling form or league-table state."
136,2026-27,2026-12-05 15:00:00,Leeds United,Ipswich Town,Leeds,Ipswich,False,REQUIRES_SEQUENTIAL_UPDATE,"At least one required feature depends on earlier 2026-27 results, including Elo, rolling form or league-table state."
137,2026-27,2026-12-05 15:00:00,Manchester United,Coventry City,Man United,Coventry,False,REQUIRES_SEQUENTIAL_UPDATE,"At least one required feature depends on earlier 2026-27 results, including Elo, rolling form or league-table state."
138,2026-27,2026-12-05 15:00:00,Newcastle United,Sunderland,Newcastle,Sunderland,False,REQUIRES_SEQUENTIAL_UPDATE,"At least one required feature depends on earlier 2026-27 results, including Elo, rolling form or league-table state."
139,2026-27,2026-12-05 15:00:00,Nottingham Forest,Brighton & Hove Albion,Nott'm Forest,Brighton,False,REQUIRES_SEQUENTIAL_UPDATE,"At least one required feature depends on earlier 2026-27 results, including Elo, rolling form or league-table state."
140,2026-27,2026-12-05 15:00:00,Tottenham Hotspur,Arsenal,Tottenham,Arsenal,False,REQUIRES_SEQUENTIAL_UPDATE,"At least one required feature depends on earlier 2026-27 results, including Elo, rolling form or league-table state."
141,2026-27,2026-12-12 15:00:00,Arsenal,AFC Bournemouth,Arsenal,Bournemouth,False,REQUIRES_SEQUENTIAL_UPDATE,"At least one required feature depends on earlier 2026-27 results, including Elo, rolling form or league-table state."
142,2026-27,2026-12-12 15:00:00,Brighton & Hove Albion,Everton,Brighton,Everton,False,REQUIRES_SEQUENTIAL_UPDATE,"At least one required feature depends on earlier 2026-27 results, including Elo, rolling form or league-table state."
143,2026-27,2026-12-12 15:00:00,Coventry City,Aston Villa,Coventry,Aston Villa,False,REQUIRES_SEQUENTIAL_UPDATE,"At least one required feature depends on earlier 2026-27 results, including Elo, rolling form or league-table state."
144,2026-27,2026-12-12 15:00:00,Crystal Palace,Manchester United,Crystal Palace,Man United,False,REQUIRES_SEQUENTIAL_UPDATE,"At least one required feature depends on earlier 2026-27 results, including Elo, rolling form or league-table state."
145,2026-27,2026-12-12 15:00:00,Fulham,Brentford,Fulham,Brentford,False,REQUIRES_SEQUENTIAL_UPDATE,"At least one required feature depends on earlier 2026-27 results, including Elo, rolling form or league-table state."
146,2026-27,2026-12-12 15:00:00,Hull City,Tottenham Hotspur,Hull,Tottenham,False,REQUIRES_SEQUENTIAL_UPDATE,"At least one required feature depends on earlier 2026-27 results, including Elo, rolling form or league-table state."
147,2026-27,2026-12-12 15:00:00,Ipswich Town,Newcastle United,Ipswich,Newcastle,False,REQUIRES_SEQUENTIAL_UPDATE,"At least one required feature depends on earlier 2026-27 results, including Elo, rolling form or league-table state."
148,2026-27,2026-12-12 15:00:00,Liverpool,Leeds United,Liverpool,Leeds,False,REQUIRES_SEQUENTIAL_UPDATE,"At least one required feature depends on earlier 2026-27 results, including Elo, rolling form or league-table state."
149,2026-27,2026-12-12 15:00:00,Manchester City,Chelsea,Man City,Chelsea,False,REQUIRES_SEQUENTIAL_UPDATE,"At least one required feature depends on earlier 2026-27 results, including Elo, rolling form or league-table state."
150,2026-27,2026-12-12 15:00:00,Sunderland,Nottingham Forest,Sunderland,Nott'm Forest,False,REQUIRES_SEQUENTIAL_UPDATE,"At least one required feature depends on earlier 2026-27 results, including Elo, rolling form or league-table state."
151,2026-27,2026-12-19 15:00:00,AFC Bournemouth,Coventry City,Bournemouth,Coventry,False,REQUIRES_SEQUENTIAL_UPDATE,"At least one required feature depends on earlier 2026-27 results, including Elo, rolling form or league-table state."
152,2026-27,2026-12-19 15:00:00,Arsenal,Manchester United,Arsenal,Man United,False,REQUIRES_SEQUENTIAL_UPDATE,"At least one required feature depends on earlier 2026-27 results, including Elo, rolling form or league-table state."
153,2026-27,2026-12-19 15:00:00,Brentford,Newcastle United,Brentford,Newcastle,False,REQUIRES_SEQUENTIAL_UPDATE,"At least one required feature depends on earlier 2026-27 results, including Elo, rolling form or league-table state."
154,2026-27,2026-12-19 15:00:00,Brighton & Hove Albion,Ipswich Town,Brighton,Ipswich,False,REQUIRES_SEQUENTIAL_UPDATE,"At least one required feature depends on earlier 2026-27 results, including Elo, rolling form or league-table state."
155,2026-27,2026-12-19 15:00:00,Chelsea,Aston Villa,Chelsea,Aston Villa,False,REQUIRES_SEQUENTIAL_UPDATE,"At least one required feature depends on earlier 2026-27 results, including Elo, rolling form or league-table state."
156,2026-27,2026-12-19 15:00:00,Leeds United,Fulham,Leeds,Fulham,False,REQUIRES_SEQUENTIAL_UPDATE,"At least one required feature depends on earlier 2026-27 results, including Elo, rolling form or league-table state."
157,2026-27,2026-12-19 15:00:00,Liverpool,Tottenham Hotspur,Liverpool,Tottenham,False,REQUIRES_SEQUENTIAL_UPDATE,"At least one required feature depends on earlier 2026-27 results, including Elo, rolling form or league-table state."
158,2026-27,2026-12-19 15:00:00,Manchester City,Hull City,Man City,Hull,False,REQUIRES_SEQUENTIAL_UPDATE,"At least one required feature depends on earlier 2026-27 results, including Elo, rolling form or league-table state."
159,2026-27,2026-12-19 15:00:00,Nottingham Forest,Everton,Nott'm Forest,Everton,False,REQUIRES_SEQUENTIAL_UPDATE,"At least one required feature depends on earlier 2026-27 results, including Elo, rolling form or league-table state."
160,2026-27,2026-12-19 15:00:00,Sunderland,Crystal Palace,Sunderland,Crystal Palace,False,REQUIRES_SEQUENTIAL_UPDATE,"At least one required feature depends on earlier 2026-27 results, including Elo, rolling form or league-table state."
161,2026-27,2026-12-26 15:00:00,Aston Villa,Leeds United,Aston Villa,Leeds,False,REQUIRES_SEQUENTIAL_UPDATE,"At least one required feature depends on earlier 2026-27 results, including Elo, rolling form or league-table state."
162,2026-27,2026-12-26 15:00:00,Coventry City,Chelsea,Coventry,Chelsea,False,REQUIRES_SEQUENTIAL_UPDATE,"At least one required feature depends on earlier 2026-27 results, including Elo, rolling form or league-table state."
163,2026-27,2026-12-26 15:00:00,Crystal Palace,Arsenal,Crystal Palace,Arsenal,False,REQUIRES_SEQUENTIAL_UPDATE,"At least one required feature depends on earlier 2026-27 results, including Elo, rolling form or league-table state."
164,2026-27,2026-12-26 15:00:00,Everton,Sunderland,Everton,Sunderland,False,REQUIRES_SEQUENTIAL_UPDATE,"At least one required feature depends on earlier 2026-27 results, including Elo, rolling form or league-table state."
165,2026-27,2026-12-26 15:00:00,Fulham,Brighton & Hove Albion,Fulham,Brighton,False,REQUIRES_SEQUENTIAL_UPDATE,"At least one required feature depends on earlier 2026-27 results, including Elo, rolling form or league-table state."
166,2026-27,2026-12-26 15:00:00,Hull City,Liverpool,Hull,Liverpool,False,REQUIRES_SEQUENTIAL_UPDATE,"At least one required feature depends on earlier 2026-27 results, including Elo, rolling form or league-table state."
167,2026-27,2026-12-26 15:00:00,Ipswich Town,Brentford,Ipswich,Brentford,False,REQUIRES_SEQUENTIAL_UPDATE,"At least one required feature depends on earlier 2026-27 results, including Elo, rolling form or league-table state."
168,2026-27,2026-12-26 15:00:00,Manchester United,Nottingham Forest,Man United,Nott'm Forest,False,REQUIRES_SEQUENTIAL_UPDATE,"At least one required feature depends on earlier 2026-27 results, including Elo, rolling form or league-table state."
169,2026-27,2026-12-26 15:00:00,Newcastle United,Manchester City,Newcastle,Man City,False,REQUIRES_SEQUENTIAL_UPDATE,"At least one required feature depends on earlier 2026-27 results, including Elo, rolling form or league-table state."
170,2026-27,2026-12-26 15:00:00,Tottenham Hotspur,AFC Bournemouth,Tottenham,Bournemouth,False,REQUIRES_SEQUENTIAL_UPDATE,"At least one required feature depends on earlier 2026-27 results, including Elo, rolling form or league-table state."
171,2026-27,2026-12-30 20:00:00,Aston Villa,Liverpool,Aston Villa,Liverpool,False,REQUIRES_SEQUENTIAL_UPDATE,"At least one required feature depends on earlier 2026-27 results, including Elo, rolling form or league-table state."
172,2026-27,2026-12-30 20:00:00,Coventry City,Brentford,Coventry,Brentford,False,REQUIRES_SEQUENTIAL_UPDATE,"At least one required feature depends on earlier 2026-27 results, including Elo, rolling form or league-table state."
173,2026-27,2026-12-30 20:00:00,Crystal Palace,AFC Bournemouth,Crystal Palace,Bournemouth,False,REQUIRES_SEQUENTIAL_UPDATE,"At least one required feature depends on earlier 2026-27 results, including Elo, rolling form or league-table state."
174,2026-27,2026-12-30 20:00:00,Everton,Manchester City,Everton,Man City,False,REQUIRES_SEQUENTIAL_UPDATE,"At least one required feature depends on earlier 2026-27 results, including Elo, rolling form or league-table state."
175,2026-27,2026-12-30 20:00:00,Fulham,Arsenal,Fulham,Arsenal,False,REQUIRES_SEQUENTIAL_UPDATE,"At least one required feature depends on earlier 2026-27 results, including Elo, rolling form or league-table state."
176,2026-27,2026-12-30 20:00:00,Hull City,Leeds United,Hull,Leeds,False,REQUIRES_SEQUENTIAL_UPDATE,"At least one required feature depends on earlier 2026-27 results, including Elo, rolling form or league-table state."
177,2026-27,2026-12-30 20:00:00,Ipswich Town,Chelsea,Ipswich,Chelsea,False,REQUIRES_SEQUENTIAL_UPDATE,"At least one required feature depends on earlier 2026-27 results, including Elo, rolling form or league-table state."
178,2026-27,2026-12-30 20:00:00,Manchester United,Sunderland,Man United,Sunderland,False,REQUIRES_SEQUENTIAL_UPDATE,"At least one required feature depends on earlier 2026-27 results, including Elo, rolling form or league-table state."
179,2026-27,2026-12-30 20:00:00,Newcastle United,Nottingham Forest,Newcastle,Nott'm Forest,False,REQUIRES_SEQUENTIAL_UPDATE,"At least one required feature depends on earlier 2026-27 results, including Elo, rolling form or league-table state."
180,2026-27,2026-12-30 20:00:00,Tottenham Hotspur,Brighton & Hove Albion,Tottenham,Brighton,False,REQUIRES_SEQUENTIAL_UPDATE,"At least one required feature depends on earlier 2026-27 results, including Elo, rolling form or league-table state."
181,2026-27,2027-01-02 15:00:00,AFC Bournemouth,Aston Villa,Bournemouth,Aston Villa,False,REQUIRES_SEQUENTIAL_UPDATE,"At least one required feature depends on earlier 2026-27 results, including Elo, rolling form or league-table state."
182,2026-27,2027-01-02 15:00:00,Arsenal,Ipswich Town,Arsenal,Ipswich,False,REQUIRES_SEQUENTIAL_UPDATE,"At least one required feature depends on earlier 2026-27 results, including Elo, rolling form or league-table state."
183,2026-27,2027-01-02 15:00:00,Brentford,Crystal Palace,Brentford,Crystal Palace,False,REQUIRES_SEQUENTIAL_UPDATE,"At least one required feature depends on earlier 2026-27 results, including Elo, rolling form or league-table state."
184,2026-27,2027-01-02 15:00:00,Brighton & Hove Albion,Manchester United,Brighton,Man United,False,REQUIRES_SEQUENTIAL_UPDATE,"At least one required feature depends on earlier 2026-27 results, including Elo, rolling form or league-table state."
185,2026-27,2027-01-02 15:00:00,Chelsea,Newcastle United,Chelsea,Newcastle,False,REQUIRES_SEQUENTIAL_UPDATE,"At least one required feature depends on earlier 2026-27 results, including Elo, rolling form or league-table state."
186,2026-27,2027-01-02 15:00:00,Leeds United,Everton,Leeds,Everton,False,REQUIRES_SEQUENTIAL_UPDATE,"At least one required feature depends on earlier 2026-27 results, including Elo, rolling form or league-table state."
187,2026-27,2027-01-02 15:00:00,Liverpool,Coventry City,Liverpool,Coventry,False,REQUIRES_SEQUENTIAL_UPDATE,"At least one required feature depends on earlier 2026-27 results, including Elo, rolling form or league-table state."
188,2026-27,2027-01-02 15:00:00,Manchester City,Tottenham Hotspur,Man City,Tottenham,False,REQUIRES_SEQUENTIAL_UPDATE,"At least one required feature depends on earlier 2026-27 results, including Elo, rolling form or league-table state."
189,2026-27,2027-01-02 15:00:00,Nottingham Forest,Fulham,Nott'm Forest,Fulham,False,REQUIRES_SEQUENTIAL_UPDATE,"At least one required feature depends on earlier 2026-27 results, including Elo, rolling form or league-table state."
190,2026-27,2027-01-02 15:00:00,Sunderland,Hull City,Sunderland,Hull,False,REQUIRES_SEQUENTIAL_UPDATE,"At least one required feature depends on earlier 2026-27 results, including Elo, rolling form or league-table state."
191,2026-27,2027-01-06 20:00:00,Arsenal,Brentford,Arsenal,Brentford,False,REQUIRES_SEQUENTIAL_UPDATE,"At least one required feature depends on earlier 2026-27 results, including Elo, rolling form or league-table state."
192,2026-27,2027-01-06 20:00:00,Brighton & Hove Albion,AFC Bournemouth,Brighton,Bournemouth,False,REQUIRES_SEQUENTIAL_UPDATE,"At least one required feature depends on earlier 2026-27 results, including Elo, rolling form or league-table state."
193,2026-27,2027-01-06 20:00:00,Crystal Palace,Chelsea,Crystal Palace,Chelsea,False,REQUIRES_SEQUENTIAL_UPDATE,"At least one required feature depends on earlier 2026-27 results, including Elo, rolling form or league-table state."
194,2026-27,2027-01-06 20:00:00,Everton,Aston Villa,Everton,Aston Villa,False,REQUIRES_SEQUENTIAL_UPDATE,"At least one required feature depends on earlier 2026-27 results, including Elo, rolling form or league-table state."
195,2026-27,2027-01-06 20:00:00,Fulham,Tottenham Hotspur,Fulham,Tottenham,False,REQUIRES_SEQUENTIAL_UPDATE,"At least one required feature depends on earlier 2026-27 results, including Elo, rolling form or league-table state."
196,2026-27,2027-01-06 20:00:00,Ipswich Town,Coventry City,Ipswich,Coventry,False,REQUIRES_SEQUENTIAL_UPDATE,"At least one required feature depends on earlier 2026-27 results, including Elo, rolling form or league-table state."
197,2026-27,2027-01-06 20:00:00,Leeds United,Manchester City,Leeds,Man City,False,REQUIRES_SEQUENTIAL_UPDATE,"At least one required feature depends on earlier 2026-27 results, including Elo, rolling form or league-table state."
198,2026-27,2027-01-06 20:00:00,Manchester United,Newcastle United,Man United,Newcastle,False,REQUIRES_SEQUENTIAL_UPDATE,"At least one required feature depends on earlier 2026-27 results, including Elo, rolling form or league-table state."
199,2026-27,2027-01-06 20:00:00,Nottingham Forest,Hull City,Nott'm Forest,Hull,False,REQUIRES_SEQUENTIAL_UPDATE,"At least one required feature depends on earlier 2026-27 results, including Elo, rolling form or league-table state."
200,2026-27,2027-01-06 20:00:00,Sunderland,Liverpool,Sunderland,Liverpool,False,REQUIRES_SEQUENTIAL_UPDATE,"At least one required feature depends on earlier 2026-27 results, including Elo, rolling form or league-table state."
201,2026-27,2027-01-16 15:00:00,AFC Bournemouth,Ipswich Town,Bournemouth,Ipswich,False,REQUIRES_SEQUENTIAL_UPDATE,"At least one required feature depends on earlier 2026-27 results, including Elo, rolling form or league-table state."
202,2026-27,2027-01-16 15:00:00,Aston Villa,Manchester United,Aston Villa,Man United,False,REQUIRES_SEQUENTIAL_UPDATE,"At least one required feature depends on earlier 2026-27 results, including Elo, rolling form or league-table state."
203,2026-27,2027-01-16 15:00:00,Brentford,Brighton & Hove Albion,Brentford,Brighton,False,REQUIRES_SEQUENTIAL_UPDATE,"At least one required feature depends on earlier 2026-27 results, including Elo, rolling form or league-table state."
204,2026-27,2027-01-16 15:00:00,Chelsea,Sunderland,Chelsea,Sunderland,False,REQUIRES_SEQUENTIAL_UPDATE,"At least one required feature depends on earlier 2026-27 results, including Elo, rolling form or league-table state."
205,2026-27,2027-01-16 15:00:00,Coventry City,Everton,Coventry,Everton,False,REQUIRES_SEQUENTIAL_UPDATE,"At least one required feature depends on earlier 2026-27 results, including Elo, rolling form or league-table state."
206,2026-27,2027-01-16 15:00:00,Hull City,Arsenal,Hull,Arsenal,False,REQUIRES_SEQUENTIAL_UPDATE,"At least one required feature depends on earlier 2026-27 results, including Elo, rolling form or league-table state."
207,2026-27,2027-01-16 15:00:00,Liverpool,Crystal Palace,Liverpool,Crystal Palace,False,REQUIRES_SEQUENTIAL_UPDATE,"At least one required feature depends on earlier 2026-27 results, including Elo, rolling form or league-table state."
208,2026-27,2027-01-16 15:00:00,Manchester City,Nottingham Forest,Man City,Nott'm Forest,False,REQUIRES_SEQUENTIAL_UPDATE,"At least one required feature depends on earlier 2026-27 results, including Elo, rolling form or league-table state."
209,2026-27,2027-01-16 15:00:00,Newcastle United,Fulham,Newcastle,Fulham,False,REQUIRES_SEQUENTIAL_UPDATE,"At least one required feature depends on earlier 2026-27 results, including Elo, rolling form or league-table state."
210,2026-27,2027-01-16 15:00:00,Tottenham Hotspur,Leeds United,Tottenham,Leeds,False,REQUIRES_SEQUENTIAL_UPDATE,"At least one required feature depends on earlier 2026-27 results, including Elo, rolling form or league-table state."
211,2026-27,2027-01-23 15:00:00,Arsenal,Newcastle United,Arsenal,Newcastle,False,REQUIRES_SEQUENTIAL_UPDATE,"At least one required feature depends on earlier 2026-27 results, including Elo, rolling form or league-table state."
212,2026-27,2027-01-23 15:00:00,Brighton & Hove Albion,Manchester City,Brighton,Man City,False,REQUIRES_SEQUENTIAL_UPDATE,"At least one required feature depends on earlier 2026-27 results, including Elo, rolling form or league-table state."
213,2026-27,2027-01-23 15:00:00,Crystal Palace,Tottenham Hotspur,Crystal Palace,Tottenham,False,REQUIRES_SEQUENTIAL_UPDATE,"At least one required feature depends on earlier 2026-27 results, including Elo, rolling form or league-table state."
214,2026-27,2027-01-23 15:00:00,Everton,Brentford,Everton,Brentford,False,REQUIRES_SEQUENTIAL_UPDATE,"At least one required feature depends on earlier 2026-27 results, including Elo, rolling form or league-table state."
215,2026-27,2027-01-23 15:00:00,Fulham,Aston Villa,Fulham,Aston Villa,False,REQUIRES_SEQUENTIAL_UPDATE,"At least one required feature depends on earlier 2026-27 results, including Elo, rolling form or league-table state."
216,2026-27,2027-01-23 15:00:00,Ipswich Town,Hull City,Ipswich,Hull,False,REQUIRES_SEQUENTIAL_UPDATE,"At least one required feature depends on earlier 2026-27 results, including Elo, rolling form or league-table state."
217,2026-27,2027-01-23 15:00:00,Leeds United,Chelsea,Leeds,Chelsea,False,REQUIRES_SEQUENTIAL_UPDATE,"At least one required feature depends on earlier 2026-27 results, including Elo, rolling form or league-table state."
218,2026-27,2027-01-23 15:00:00,Manchester United,Liverpool,Man United,Liverpool,False,REQUIRES_SEQUENTIAL_UPDATE,"At least one required feature depends on earlier 2026-27 results, including Elo, rolling form or league-table state."
219,2026-27,2027-01-23 15:00:00,Nottingham Forest,AFC Bournemouth,Nott'm Forest,Bournemouth,False,REQUIRES_SEQUENTIAL_UPDATE,"At least one required feature depends on earlier 2026-27 results, including Elo, rolling form or league-table state."
220,2026-27,2027-01-23 15:00:00,Sunderland,Coventry City,Sunderland,Coventry,False,REQUIRES_SEQUENTIAL_UPDATE,"At least one required feature depends on earlier 2026-27 results, including Elo, rolling form or league-table state."
221,2026-27,2027-01-30 15:00:00,AFC Bournemouth,Fulham,Bournemouth,Fulham,False,REQUIRES_SEQUENTIAL_UPDATE,"At least one required feature depends on earlier 2026-27 results, including Elo, rolling form or league-table state."
222,2026-27,2027-01-30 15:00:00,Aston Villa,Ipswich Town,Aston Villa,Ipswich,False,REQUIRES_SEQUENTIAL_UPDATE,"At least one required feature depends on earlier 2026-27 results, including Elo, rolling form or league-table state."
223,2026-27,2027-01-30 15:00:00,Brentford,Manchester United,Brentford,Man United,False,REQUIRES_SEQUENTIAL_UPDATE,"At least one required feature depends on earlier 2026-27 results, including Elo, rolling form or league-table state."
224,2026-27,2027-01-30 15:00:00,Chelsea,Nottingham Forest,Chelsea,Nott'm Forest,False,REQUIRES_SEQUENTIAL_UPDATE,"At least one required feature depends on earlier 2026-27 results, including Elo, rolling form or league-table state."
225,2026-27,2027-01-30 15:00:00,Coventry City,Leeds United,Coventry,Leeds,False,REQUIRES_SEQUENTIAL_UPDATE,"At least one required feature depends on earlier 2026-27 results, including Elo, rolling form or league-table state."
226,2026-27,2027-01-30 15:00:00,Hull City,Crystal Palace,Hull,Crystal Palace,False,REQUIRES_SEQUENTIAL_UPDATE,"At least one required feature depends on earlier 2026-27 results, including Elo, rolling form or league-table state."
227,2026-27,2027-01-30 15:00:00,Liverpool,Everton,Liverpool,Everton,False,REQUIRES_SEQUENTIAL_UPDATE,"At least one required feature depends on earlier 2026-27 results, including Elo, rolling form or league-table state."
228,2026-27,2027-01-30 15:00:00,Manchester City,Arsenal,Man City,Arsenal,False,REQUIRES_SEQUENTIAL_UPDATE,"At least one required feature depends on earlier 2026-27 results, including Elo, rolling form or league-table state."
229,2026-27,2027-01-30 15:00:00,Newcastle United,Brighton & Hove Albion,Newcastle,Brighton,False,REQUIRES_SEQUENTIAL_UPDATE,"At least one required feature depends on earlier 2026-27 results, including Elo, rolling form or league-table state."
230,2026-27,2027-01-30 15:00:00,Tottenham Hotspur,Sunderland,Tottenham,Sunderland,False,REQUIRES_SEQUENTIAL_UPDATE,"At least one required feature depends on earlier 2026-27 results, including Elo, rolling form or league-table state."
231,2026-27,2027-02-06 15:00:00,Arsenal,Liverpool,Arsenal,Liverpool,False,REQUIRES_SEQUENTIAL_UPDATE,"At least one required feature depends on earlier 2026-27 results, including Elo, rolling form or league-table state."
232,2026-27,2027-02-06 15:00:00,Brighton & Hove Albion,Hull City,Brighton,Hull,False,REQUIRES_SEQUENTIAL_UPDATE,"At least one required feature depends on earlier 2026-27 results, including Elo, rolling form or league-table state."
233,2026-27,2027-02-06 15:00:00,Crystal Palace,Coventry City,Crystal Palace,Coventry,False,REQUIRES_SEQUENTIAL_UPDATE,"At least one required feature depends on earlier 2026-27 results, including Elo, rolling form or league-table state."
234,2026-27,2027-02-06 15:00:00,Everton,Newcastle United,Everton,Newcastle,False,REQUIRES_SEQUENTIAL_UPDATE,"At least one required feature depends on earlier 2026-27 results, including Elo, rolling form or league-table state."
235,2026-27,2027-02-06 15:00:00,Fulham,Manchester City,Fulham,Man City,False,REQUIRES_SEQUENTIAL_UPDATE,"At least one required feature depends on earlier 2026-27 results, including Elo, rolling form or league-table state."
236,2026-27,2027-02-06 15:00:00,Ipswich Town,Tottenham Hotspur,Ipswich,Tottenham,False,REQUIRES_SEQUENTIAL_UPDATE,"At least one required feature depends on earlier 2026-27 results, including Elo, rolling form or league-table state."
237,2026-27,2027-02-06 15:00:00,Leeds United,AFC Bournemouth,Leeds,Bournemouth,False,REQUIRES_SEQUENTIAL_UPDATE,"At least one required feature depends on earlier 2026-27 results, including Elo, rolling form or league-table state."
238,2026-27,2027-02-06 15:00:00,Manchester United,Chelsea,Man United,Chelsea,False,REQUIRES_SEQUENTIAL_UPDATE,"At least one required feature depends on earlier 2026-27 results, including Elo, rolling form or league-table state."
239,2026-27,2027-02-06 15:00:00,Nottingham Forest,Brentford,Nott'm Forest,Brentford,False,REQUIRES_SEQUENTIAL_UPDATE,"At least one required feature depends on earlier 2026-27 results, including Elo, rolling form or league-table state."
240,2026-27,2027-02-06 15:00:00,Sunderland,Aston Villa,Sunderland,Aston Villa,False,REQUIRES_SEQUENTIAL_UPDATE,"At least one required feature depends on earlier 2026-27 results, including Elo, rolling form or league-table state."
241,2026-27,2027-02-10 20:00:00,Aston Villa,AFC Bournemouth,Aston Villa,Bournemouth,False,REQUIRES_SEQUENTIAL_UPDATE,"At least one required feature depends on earlier 2026-27 results, including Elo, rolling form or league-table state."
242,2026-27,2027-02-10 20:00:00,Coventry City,Liverpool,Coventry,Liverpool,False,REQUIRES_SEQUENTIAL_UPDATE,"At least one required feature depends on earlier 2026-27 results, including Elo, rolling form or league-table state."
243,2026-27,2027-02-10 20:00:00,Crystal Palace,Brentford,Crystal Palace,Brentford,False,REQUIRES_SEQUENTIAL_UPDATE,"At least one required feature depends on earlier 2026-27 results, including Elo, rolling form or league-table state."
244,2026-27,2027-02-10 20:00:00,Everton,Leeds United,Everton,Leeds,False,REQUIRES_SEQUENTIAL_UPDATE,"At least one required feature depends on earlier 2026-27 results, including Elo, rolling form or league-table state."
245,2026-27,2027-02-10 20:00:00,Fulham,Nottingham Forest,Fulham,Nott'm Forest,False,REQUIRES_SEQUENTIAL_UPDATE,"At least one required feature depends on earlier 2026-27 results, including Elo, rolling form or league-table state."
246,2026-27,2027-02-10 20:00:00,Hull City,Sunderland,Hull,Sunderland,False,REQUIRES_SEQUENTIAL_UPDATE,"At least one required feature depends on earlier 2026-27 results, including Elo, rolling form or league-table state."
247,2026-27,2027-02-10 20:00:00,Ipswich Town,Arsenal,Ipswich,Arsenal,False,REQUIRES_SEQUENTIAL_UPDATE,"At least one required feature depends on earlier 2026-27 results, including Elo, rolling form or league-table state."
248,2026-27,2027-02-10 20:00:00,Manchester United,Brighton & Hove Albion,Man United,Brighton,False,REQUIRES_SEQUENTIAL_UPDATE,"At least one required feature depends on earlier 2026-27 results, including Elo, rolling form or league-table state."
249,2026-27,2027-02-10 20:00:00,Newcastle United,Chelsea,Newcastle,Chelsea,False,REQUIRES_SEQUENTIAL_UPDATE,"At least one required feature depends on earlier 2026-27 results, including Elo, rolling form or league-table state."
250,2026-27,2027-02-10 20:00:00,Tottenham Hotspur,Manchester City,Tottenham,Man City,False,REQUIRES_SEQUENTIAL_UPDATE,"At least one required feature depends on earlier 2026-27 results, including Elo, rolling form or league-table state."
251,2026-27,2027-02-20 15:00:00,AFC Bournemouth,Crystal Palace,Bournemouth,Crystal Palace,False,REQUIRES_SEQUENTIAL_UPDATE,"At least one required feature depends on earlier 2026-27 results, including Elo, rolling form or league-table state."
252,2026-27,2027-02-20 15:00:00,Arsenal,Fulham,Arsenal,Fulham,False,REQUIRES_SEQUENTIAL_UPDATE,"At least one required feature depends on earlier 2026-27 results, including Elo, rolling form or league-table state."
253,2026-27,2027-02-20 15:00:00,Brentford,Coventry City,Brentford,Coventry,False,REQUIRES_SEQUENTIAL_UPDATE,"At least one required feature depends on earlier 2026-27 results, including Elo, rolling form or league-table state."
254,2026-27,2027-02-20 15:00:00,Brighton & Hove Albion,Tottenham Hotspur,Brighton,Tottenham,False,REQUIRES_SEQUENTIAL_UPDATE,"At least one required feature depends on earlier 2026-27 results, including Elo, rolling form or league-table state."
255,2026-27,2027-02-20 15:00:00,Chelsea,Ipswich Town,Chelsea,Ipswich,False,REQUIRES_SEQUENTIAL_UPDATE,"At least one required feature depends on earlier 2026-27 results, including Elo, rolling form or league-table state."
256,2026-27,2027-02-20 15:00:00,Leeds United,Aston Villa,Leeds,Aston Villa,False,REQUIRES_SEQUENTIAL_UPDATE,"At least one required feature depends on earlier 2026-27 results, including Elo, rolling form or league-table state."
257,2026-27,2027-02-20 15:00:00,Liverpool,Hull City,Liverpool,Hull,False,REQUIRES_SEQUENTIAL_UPDATE,"At least one required feature depends on earlier 2026-27 results, including Elo, rolling form or league-table state."
258,2026-27,2027-02-20 15:00:00,Manchester City,Newcastle United,Man City,Newcastle,False,REQUIRES_SEQUENTIAL_UPDATE,"At least one required feature depends on earlier 2026-27 results, including Elo, rolling form or league-table state."
259,2026-27,2027-02-20 15:00:00,Nottingham Forest,Manchester United,Nott'm Forest,Man United,False,REQUIRES_SEQUENTIAL_UPDATE,"At least one required feature depends on earlier 2026-27 results, including Elo, rolling form or league-table state."
260,2026-27,2027-02-20 15:00:00,Sunderland,Everton,Sunderland,Everton,False,REQUIRES_SEQUENTIAL_UPDATE,"At least one required feature depends on earlier 2026-27 results, including Elo, rolling form or league-table state."
261,2026-27,2027-02-27 15:00:00,Aston Villa,Chelsea,Aston Villa,Chelsea,False,REQUIRES_SEQUENTIAL_UPDATE,"At least one required feature depends on earlier 2026-27 results, including Elo, rolling form or league-table state."
262,2026-27,2027-02-27 15:00:00,Coventry City,AFC Bournemouth,Coventry,Bournemouth,False,REQUIRES_SEQUENTIAL_UPDATE,"At least one required feature depends on earlier 2026-27 results, including Elo, rolling form or league-table state."
263,2026-27,2027-02-27 15:00:00,Crystal Palace,Sunderland,Crystal Palace,Sunderland,False,REQUIRES_SEQUENTIAL_UPDATE,"At least one required feature depends on earlier 2026-27 results, including Elo, rolling form or league-table state."
264,2026-27,2027-02-27 15:00:00,Everton,Nottingham Forest,Everton,Nott'm Forest,False,REQUIRES_SEQUENTIAL_UPDATE,"At least one required feature depends on earlier 2026-27 results, including Elo, rolling form or league-table state."
265,2026-27,2027-02-27 15:00:00,Fulham,Leeds United,Fulham,Leeds,False,REQUIRES_SEQUENTIAL_UPDATE,"At least one required feature depends on earlier 2026-27 results, including Elo, rolling form or league-table state."
266,2026-27,2027-02-27 15:00:00,Hull City,Manchester City,Hull,Man City,False,REQUIRES_SEQUENTIAL_UPDATE,"At least one required feature depends on earlier 2026-27 results, including Elo, rolling form or league-table state."
267,2026-27,2027-02-27 15:00:00,Ipswich Town,Brighton & Hove Albion,Ipswich,Brighton,False,REQUIRES_SEQUENTIAL_UPDATE,"At least one required feature depends on earlier 2026-27 results, including Elo, rolling form or league-table state."
268,2026-27,2027-02-27 15:00:00,Manchester United,Arsenal,Man United,Arsenal,False,REQUIRES_SEQUENTIAL_UPDATE,"At least one required feature depends on earlier 2026-27 results, including Elo, rolling form or league-table state."
269,2026-27,2027-02-27 15:00:00,Newcastle United,Brentford,Newcastle,Brentford,False,REQUIRES_SEQUENTIAL_UPDATE,"At least one required feature depends on earlier 2026-27 results, including Elo, rolling form or league-table state."
270,2026-27,2027-02-27 15:00:00,Tottenham Hotspur,Liverpool,Tottenham,Liverpool,False,REQUIRES_SEQUENTIAL_UPDATE,"At least one required feature depends on earlier 2026-27 results, including Elo, rolling form or league-table state."
271,2026-27,2027-03-03 20:00:00,AFC Bournemouth,Tottenham Hotspur,Bournemouth,Tottenham,False,REQUIRES_SEQUENTIAL_UPDATE,"At least one required feature depends on earlier 2026-27 results, including Elo, rolling form or league-table state."
272,2026-27,2027-03-03 20:00:00,Arsenal,Crystal Palace,Arsenal,Crystal Palace,False,REQUIRES_SEQUENTIAL_UPDATE,"At least one required feature depends on earlier 2026-27 results, including Elo, rolling form or league-table state."
273,2026-27,2027-03-03 20:00:00,Brentford,Ipswich Town,Brentford,Ipswich,False,REQUIRES_SEQUENTIAL_UPDATE,"At least one required feature depends on earlier 2026-27 results, including Elo, rolling form or league-table state."
274,2026-27,2027-03-03 20:00:00,Brighton & Hove Albion,Fulham,Brighton,Fulham,False,REQUIRES_SEQUENTIAL_UPDATE,"At least one required feature depends on earlier 2026-27 results, including Elo, rolling form or league-table state."
275,2026-27,2027-03-03 20:00:00,Chelsea,Coventry City,Chelsea,Coventry,False,REQUIRES_SEQUENTIAL_UPDATE,"At least one required feature depends on earlier 2026-27 results, including Elo, rolling form or league-table state."
276,2026-27,2027-03-03 20:00:00,Leeds United,Hull City,Leeds,Hull,False,REQUIRES_SEQUENTIAL_UPDATE,"At least one required feature depends on earlier 2026-27 results, including Elo, rolling form or league-table state."
277,2026-27,2027-03-03 20:00:00,Liverpool,Aston Villa,Liverpool,Aston Villa,False,REQUIRES_SEQUENTIAL_UPDATE,"At least one required feature depends on earlier 2026-27 results, including Elo, rolling form or league-table state."
278,2026-27,2027-03-03 20:00:00,Manchester City,Everton,Man City,Everton,False,REQUIRES_SEQUENTIAL_UPDATE,"At least one required feature depends on earlier 2026-27 results, including Elo, rolling form or league-table state."
279,2026-27,2027-03-03 20:00:00,Nottingham Forest,Newcastle United,Nott'm Forest,Newcastle,False,REQUIRES_SEQUENTIAL_UPDATE,"At least one required feature depends on earlier 2026-27 results, including Elo, rolling form or league-table state."
280,2026-27,2027-03-03 20:00:00,Sunderland,Manchester United,Sunderland,Man United,False,REQUIRES_SEQUENTIAL_UPDATE,"At least one required feature depends on earlier 2026-27 results, including Elo, rolling form or league-table state."
281,2026-27,2027-03-13 15:00:00,AFC Bournemouth,Newcastle United,Bournemouth,Newcastle,False,REQUIRES_SEQUENTIAL_UPDATE,"At least one required feature depends on earlier 2026-27 results, including Elo, rolling form or league-table state."
282,2026-27,2027-03-13 15:00:00,Aston Villa,Hull City,Aston Villa,Hull,False,REQUIRES_SEQUENTIAL_UPDATE,"At least one required feature depends on earlier 2026-27 results, including Elo, rolling form or league-table state."
283,2026-27,2027-03-13 15:00:00,Chelsea,Arsenal,Chelsea,Arsenal,False,REQUIRES_SEQUENTIAL_UPDATE,"At least one required feature depends on earlier 2026-27 results, including Elo, rolling form or league-table state."
284,2026-27,2027-03-13 15:00:00,Coventry City,Manchester City,Coventry,Man City,False,REQUIRES_SEQUENTIAL_UPDATE,"At least one required feature depends on earlier 2026-27 results, including Elo, rolling form or league-table state."
285,2026-27,2027-03-13 15:00:00,Crystal Palace,Fulham,Crystal Palace,Fulham,False,REQUIRES_SEQUENTIAL_UPDATE,"At least one required feature depends on earlier 2026-27 results, including Elo, rolling form or league-table state."
286,2026-27,2027-03-13 15:00:00,Leeds United,Brighton & Hove Albion,Leeds,Brighton,False,REQUIRES_SEQUENTIAL_UPDATE,"At least one required feature depends on earlier 2026-27 results, including Elo, rolling form or league-table state."
287,2026-27,2027-03-13 15:00:00,Liverpool,Ipswich Town,Liverpool,Ipswich,False,REQUIRES_SEQUENTIAL_UPDATE,"At least one required feature depends on earlier 2026-27 results, including Elo, rolling form or league-table state."
288,2026-27,2027-03-13 15:00:00,Manchester United,Everton,Man United,Everton,False,REQUIRES_SEQUENTIAL_UPDATE,"At least one required feature depends on earlier 2026-27 results, including Elo, rolling form or league-table state."
289,2026-27,2027-03-13 15:00:00,Sunderland,Brentford,Sunderland,Brentford,False,REQUIRES_SEQUENTIAL_UPDATE,"At least one required feature depends on earlier 2026-27 results, including Elo, rolling form or league-table state."
290,2026-27,2027-03-13 15:00:00,Tottenham Hotspur,Nottingham Forest,Tottenham,Nott'm Forest,False,REQUIRES_SEQUENTIAL_UPDATE,"At least one required feature depends on earlier 2026-27 results, including Elo, rolling form or league-table state."
291,2026-27,2027-03-20 15:00:00,Arsenal,Sunderland,Arsenal,Sunderland,False,REQUIRES_SEQUENTIAL_UPDATE,"At least one required feature depends on earlier 2026-27 results, including Elo, rolling form or league-table state."
292,2026-27,2027-03-20 15:00:00,Brentford,AFC Bournemouth,Brentford,Bournemouth,False,REQUIRES_SEQUENTIAL_UPDATE,"At least one required feature depends on earlier 2026-27 results, including Elo, rolling form or league-table state."
293,2026-27,2027-03-20 15:00:00,Brighton & Hove Albion,Coventry City,Brighton,Coventry,False,REQUIRES_SEQUENTIAL_UPDATE,"At least one required feature depends on earlier 2026-27 results, including Elo, rolling form or league-table state."
294,2026-27,2027-03-20 15:00:00,Everton,Tottenham Hotspur,Everton,Tottenham,False,REQUIRES_SEQUENTIAL_UPDATE,"At least one required feature depends on earlier 2026-27 results, including Elo, rolling form or league-table state."
295,2026-27,2027-03-20 15:00:00,Fulham,Liverpool,Fulham,Liverpool,False,REQUIRES_SEQUENTIAL_UPDATE,"At least one required feature depends on earlier 2026-27 results, including Elo, rolling form or league-table state."
296,2026-27,2027-03-20 15:00:00,Hull City,Chelsea,Hull,Chelsea,False,REQUIRES_SEQUENTIAL_UPDATE,"At least one required feature depends on earlier 2026-27 results, including Elo, rolling form or league-table state."
297,2026-27,2027-03-20 15:00:00,Ipswich Town,Crystal Palace,Ipswich,Crystal Palace,False,REQUIRES_SEQUENTIAL_UPDATE,"At least one required feature depends on earlier 2026-27 results, including Elo, rolling form or league-table state."
298,2026-27,2027-03-20 15:00:00,Manchester City,Manchester United,Man City,Man United,False,REQUIRES_SEQUENTIAL_UPDATE,"At least one required feature depends on earlier 2026-27 results, including Elo, rolling form or league-table state."
299,2026-27,2027-03-20 15:00:00,Newcastle United,Leeds United,Newcastle,Leeds,False,REQUIRES_SEQUENTIAL_UPDATE,"At least one required feature depends on earlier 2026-27 results, including Elo, rolling form or league-table state."
300,2026-27,2027-03-20 15:00:00,Nottingham Forest,Aston Villa,Nott'm Forest,Aston Villa,False,REQUIRES_SEQUENTIAL_UPDATE,"At least one required feature depends on earlier 2026-27 results, including Elo, rolling form or league-table state."
301,2026-27,2027-04-10 15:00:00,AFC Bournemouth,Manchester City,Bournemouth,Man City,False,REQUIRES_SEQUENTIAL_UPDATE,"At least one required feature depends on earlier 2026-27 results, including Elo, rolling form or league-table state."
302,2026-27,2027-04-10 15:00:00,Aston Villa,Brighton & Hove Albion,Aston Villa,Brighton,False,REQUIRES_SEQUENTIAL_UPDATE,"At least one required feature depends on earlier 2026-27 results, including Elo, rolling form or league-table state."
303,2026-27,2027-04-10 15:00:00,Chelsea,Fulham,Chelsea,Fulham,False,REQUIRES_SEQUENTIAL_UPDATE,"At least one required feature depends on earlier 2026-27 results, including Elo, rolling form or league-table state."
304,2026-27,2027-04-10 15:00:00,Coventry City,Arsenal,Coventry,Arsenal,False,REQUIRES_SEQUENTIAL_UPDATE,"At least one required feature depends on earlier 2026-27 results, including Elo, rolling form or league-table state."
305,2026-27,2027-04-10 15:00:00,Crystal Palace,Everton,Crystal Palace,Everton,False,REQUIRES_SEQUENTIAL_UPDATE,"At least one required feature depends on earlier 2026-27 results, including Elo, rolling form or league-table state."
306,2026-27,2027-04-10 15:00:00,Leeds United,Nottingham Forest,Leeds,Nott'm Forest,False,REQUIRES_SEQUENTIAL_UPDATE,"At least one required feature depends on earlier 2026-27 results, including Elo, rolling form or league-table state."
307,2026-27,2027-04-10 15:00:00,Liverpool,Newcastle United,Liverpool,Newcastle,False,REQUIRES_SEQUENTIAL_UPDATE,"At least one required feature depends on earlier 2026-27 results, including Elo, rolling form or league-table state."
308,2026-27,2027-04-10 15:00:00,Manchester United,Hull City,Man United,Hull,False,REQUIRES_SEQUENTIAL_UPDATE,"At least one required feature depends on earlier 2026-27 results, including Elo, rolling form or league-table state."
309,2026-27,2027-04-10 15:00:00,Sunderland,Ipswich Town,Sunderland,Ipswich,False,REQUIRES_SEQUENTIAL_UPDATE,"At least one required feature depends on earlier 2026-27 results, including Elo, rolling form or league-table state."
310,2026-27,2027-04-10 15:00:00,Tottenham Hotspur,Brentford,Tottenham,Brentford,False,REQUIRES_SEQUENTIAL_UPDATE,"At least one required feature depends on earlier 2026-27 results, including Elo, rolling form or league-table state."
311,2026-27,2027-04-17 15:00:00,Arsenal,Aston Villa,Arsenal,Aston Villa,False,REQUIRES_SEQUENTIAL_UPDATE,"At least one required feature depends on earlier 2026-27 results, including Elo, rolling form or league-table state."
312,2026-27,2027-04-17 15:00:00,Brentford,Leeds United,Brentford,Leeds,False,REQUIRES_SEQUENTIAL_UPDATE,"At least one required feature depends on earlier 2026-27 results, including Elo, rolling form or league-table state."
313,2026-27,2027-04-17 15:00:00,Brighton & Hove Albion,Chelsea,Brighton,Chelsea,False,REQUIRES_SEQUENTIAL_UPDATE,"At least one required feature depends on earlier 2026-27 results, including Elo, rolling form or league-table state."
314,2026-27,2027-04-17 15:00:00,Everton,AFC Bournemouth,Everton,Bournemouth,False,REQUIRES_SEQUENTIAL_UPDATE,"At least one required feature depends on earlier 2026-27 results, including Elo, rolling form or league-table state."
315,2026-27,2027-04-17 15:00:00,Fulham,Sunderland,Fulham,Sunderland,False,REQUIRES_SEQUENTIAL_UPDATE,"At least one required feature depends on earlier 2026-27 results, including Elo, rolling form or league-table state."
316,2026-27,2027-04-17 15:00:00,Hull City,Coventry City,Hull,Coventry,False,REQUIRES_SEQUENTIAL_UPDATE,"At least one required feature depends on earlier 2026-27 results, including Elo, rolling form or league-table state."
317,2026-27,2027-04-17 15:00:00,Ipswich Town,Manchester United,Ipswich,Man United,False,REQUIRES_SEQUENTIAL_UPDATE,"At least one required feature depends on earlier 2026-27 results, including Elo, rolling form or league-table state."
318,2026-27,2027-04-17 15:00:00,Manchester City,Crystal Palace,Man City,Crystal Palace,False,REQUIRES_SEQUENTIAL_UPDATE,"At least one required feature depends on earlier 2026-27 results, including Elo, rolling form or league-table state."
319,2026-27,2027-04-17 15:00:00,Newcastle United,Tottenham Hotspur,Newcastle,Tottenham,False,REQUIRES_SEQUENTIAL_UPDATE,"At least one required feature depends on earlier 2026-27 results, including Elo, rolling form or league-table state."
320,2026-27,2027-04-17 15:00:00,Nottingham Forest,Liverpool,Nott'm Forest,Liverpool,False,REQUIRES_SEQUENTIAL_UPDATE,"At least one required feature depends on earlier 2026-27 results, including Elo, rolling form or league-table state."
321,2026-27,2027-04-24 15:00:00,AFC Bournemouth,Arsenal,Bournemouth,Arsenal,False,REQUIRES_SEQUENTIAL_UPDATE,"At least one required feature depends on earlier 2026-27 results, including Elo, rolling form or league-table state."
322,2026-27,2027-04-24 15:00:00,Aston Villa,Coventry City,Aston Villa,Coventry,False,REQUIRES_SEQUENTIAL_UPDATE,"At least one required feature depends on earlier 2026-27 results, including Elo, rolling form or league-table state."
323,2026-27,2027-04-24 15:00:00,Brentford,Fulham,Brentford,Fulham,False,REQUIRES_SEQUENTIAL_UPDATE,"At least one required feature depends on earlier 2026-27 results, including Elo, rolling form or league-table state."
324,2026-27,2027-04-24 15:00:00,Chelsea,Manchester City,Chelsea,Man City,False,REQUIRES_SEQUENTIAL_UPDATE,"At least one required feature depends on earlier 2026-27 results, including Elo, rolling form or league-table state."
325,2026-27,2027-04-24 15:00:00,Everton,Brighton & Hove Albion,Everton,Brighton,False,REQUIRES_SEQUENTIAL_UPDATE,"At least one required feature depends on earlier 2026-27 results, including Elo, rolling form or league-table state."
326,2026-27,2027-04-24 15:00:00,Leeds United,Liverpool,Leeds,Liverpool,False,REQUIRES_SEQUENTIAL_UPDATE,"At least one required feature depends on earlier 2026-27 results, including Elo, rolling form or league-table state."
327,2026-27,2027-04-24 15:00:00,Manchester United,Crystal Palace,Man United,Crystal Palace,False,REQUIRES_SEQUENTIAL_UPDATE,"At least one required feature depends on earlier 2026-27 results, including Elo, rolling form or league-table state."
328,2026-27,2027-04-24 15:00:00,Newcastle United,Ipswich Town,Newcastle,Ipswich,False,REQUIRES_SEQUENTIAL_UPDATE,"At least one required feature depends on earlier 2026-27 results, including Elo, rolling form or league-table state."
329,2026-27,2027-04-24 15:00:00,Nottingham Forest,Sunderland,Nott'm Forest,Sunderland,False,REQUIRES_SEQUENTIAL_UPDATE,"At least one required feature depends on earlier 2026-27 results, including Elo, rolling form or league-table state."
330,2026-27,2027-04-24 15:00:00,Tottenham Hotspur,Hull City,Tottenham,Hull,False,REQUIRES_SEQUENTIAL_UPDATE,"At least one required feature depends on earlier 2026-27 results, including Elo, rolling form or league-table state."
331,2026-27,2027-05-01 15:00:00,Arsenal,Tottenham Hotspur,Arsenal,Tottenham,False,REQUIRES_SEQUENTIAL_UPDATE,"At least one required feature depends on earlier 2026-27 results, including Elo, rolling form or league-table state."
332,2026-27,2027-05-01 15:00:00,Brighton & Hove Albion,Nottingham Forest,Brighton,Nott'm Forest,False,REQUIRES_SEQUENTIAL_UPDATE,"At least one required feature depends on earlier 2026-27 results, including Elo, rolling form or league-table state."
333,2026-27,2027-05-01 15:00:00,Coventry City,Manchester United,Coventry,Man United,False,REQUIRES_SEQUENTIAL_UPDATE,"At least one required feature depends on earlier 2026-27 results, including Elo, rolling form or league-table state."
334,2026-27,2027-05-01 15:00:00,Crystal Palace,Aston Villa,Crystal Palace,Aston Villa,False,REQUIRES_SEQUENTIAL_UPDATE,"At least one required feature depends on earlier 2026-27 results, including Elo, rolling form or league-table state."
335,2026-27,2027-05-01 15:00:00,Fulham,Everton,Fulham,Everton,False,REQUIRES_SEQUENTIAL_UPDATE,"At least one required feature depends on earlier 2026-27 results, including Elo, rolling form or league-table state."
336,2026-27,2027-05-01 15:00:00,Hull City,AFC Bournemouth,Hull,Bournemouth,False,REQUIRES_SEQUENTIAL_UPDATE,"At least one required feature depends on earlier 2026-27 results, including Elo, rolling form or league-table state."
337,2026-27,2027-05-01 15:00:00,Ipswich Town,Leeds United,Ipswich,Leeds,False,REQUIRES_SEQUENTIAL_UPDATE,"At least one required feature depends on earlier 2026-27 results, including Elo, rolling form or league-table state."
338,2026-27,2027-05-01 15:00:00,Liverpool,Chelsea,Liverpool,Chelsea,False,REQUIRES_SEQUENTIAL_UPDATE,"At least one required feature depends on earlier 2026-27 results, including Elo, rolling form or league-table state."
339,2026-27,2027-05-01 15:00:00,Manchester City,Brentford,Man City,Brentford,False,REQUIRES_SEQUENTIAL_UPDATE,"At least one required feature depends on earlier 2026-27 results, including Elo, rolling form or league-table state."
340,2026-27,2027-05-01 15:00:00,Sunderland,Newcastle United,Sunderland,Newcastle,False,REQUIRES_SEQUENTIAL_UPDATE,"At least one required feature depends on earlier 2026-27 results, including Elo, rolling form or league-table state."
341,2026-27,2027-05-08 15:00:00,AFC Bournemouth,Manchester United,Bournemouth,Man United,False,REQUIRES_SEQUENTIAL_UPDATE,"At least one required feature depends on earlier 2026-27 results, including Elo, rolling form or league-table state."
342,2026-27,2027-05-08 15:00:00,Brentford,Aston Villa,Brentford,Aston Villa,False,REQUIRES_SEQUENTIAL_UPDATE,"At least one required feature depends on earlier 2026-27 results, including Elo, rolling form or league-table state."
343,2026-27,2027-05-08 15:00:00,Brighton & Hove Albion,Sunderland,Brighton,Sunderland,False,REQUIRES_SEQUENTIAL_UPDATE,"At least one required feature depends on earlier 2026-27 results, including Elo, rolling form or league-table state."
344,2026-27,2027-05-08 15:00:00,Everton,Hull City,Everton,Hull,False,REQUIRES_SEQUENTIAL_UPDATE,"At least one required feature depends on earlier 2026-27 results, including Elo, rolling form or league-table state."
345,2026-27,2027-05-08 15:00:00,Fulham,Ipswich Town,Fulham,Ipswich,False,REQUIRES_SEQUENTIAL_UPDATE,"At least one required feature depends on earlier 2026-27 results, including Elo, rolling form or league-table state."
346,2026-27,2027-05-08 15:00:00,Leeds United,Arsenal,Leeds,Arsenal,False,REQUIRES_SEQUENTIAL_UPDATE,"At least one required feature depends on earlier 2026-27 results, including Elo, rolling form or league-table state."
347,2026-27,2027-05-08 15:00:00,Manchester City,Liverpool,Man City,Liverpool,False,REQUIRES_SEQUENTIAL_UPDATE,"At least one required feature depends on earlier 2026-27 results, including Elo, rolling form or league-table state."
348,2026-27,2027-05-08 15:00:00,Newcastle United,Coventry City,Newcastle,Coventry,False,REQUIRES_SEQUENTIAL_UPDATE,"At least one required feature depends on earlier 2026-27 results, including Elo, rolling form or league-table state."
349,2026-27,2027-05-08 15:00:00,Nottingham Forest,Crystal Palace,Nott'm Forest,Crystal Palace,False,REQUIRES_SEQUENTIAL_UPDATE,"At least one required feature depends on earlier 2026-27 results, including Elo, rolling form or league-table state."
350,2026-27,2027-05-08 15:00:00,Tottenham Hotspur,Chelsea,Tottenham,Chelsea,False,REQUIRES_SEQUENTIAL_UPDATE,"At least one required feature depends on earlier 2026-27 results, including Elo, rolling form or league-table state."
351,2026-27,2027-05-15 15:00:00,Arsenal,Nottingham Forest,Arsenal,Nott'm Forest,False,REQUIRES_SEQUENTIAL_UPDATE,"At least one required feature depends on earlier 2026-27 results, including Elo, rolling form or league-table state."
352,2026-27,2027-05-15 15:00:00,Aston Villa,Newcastle United,Aston Villa,Newcastle,False,REQUIRES_SEQUENTIAL_UPDATE,"At least one required feature depends on earlier 2026-27 results, including Elo, rolling form or league-table state."
353,2026-27,2027-05-15 15:00:00,Chelsea,Everton,Chelsea,Everton,False,REQUIRES_SEQUENTIAL_UPDATE,"At least one required feature depends on earlier 2026-27 results, including Elo, rolling form or league-table state."
354,2026-27,2027-05-15 15:00:00,Coventry City,Tottenham Hotspur,Coventry,Tottenham,False,REQUIRES_SEQUENTIAL_UPDATE,"At least one required feature depends on earlier 2026-27 results, including Elo, rolling form or league-table state."
355,2026-27,2027-05-15 15:00:00,Crystal Palace,Brighton & Hove Albion,Crystal Palace,Brighton,False,REQUIRES_SEQUENTIAL_UPDATE,"At least one required feature depends on earlier 2026-27 results, including Elo, rolling form or league-table state."
356,2026-27,2027-05-15 15:00:00,Hull City,Fulham,Hull,Fulham,False,REQUIRES_SEQUENTIAL_UPDATE,"At least one required feature depends on earlier 2026-27 results, including Elo, rolling form or league-table state."
357,2026-27,2027-05-15 15:00:00,Ipswich Town,Manchester City,Ipswich,Man City,False,REQUIRES_SEQUENTIAL_UPDATE,"At least one required feature depends on earlier 2026-27 results, including Elo, rolling form or league-table state."
358,2026-27,2027-05-15 15:00:00,Liverpool,Brentford,Liverpool,Brentford,False,REQUIRES_SEQUENTIAL_UPDATE,"At least one required feature depends on earlier 2026-27 results, including Elo, rolling form or league-table state."
359,2026-27,2027-05-15 15:00:00,Manchester United,Leeds United,Man United,Leeds,False,REQUIRES_SEQUENTIAL_UPDATE,"At least one required feature depends on earlier 2026-27 results, including Elo, rolling form or league-table state."
360,2026-27,2027-05-15 15:00:00,Sunderland,AFC Bournemouth,Sunderland,Bournemouth,False,REQUIRES_SEQUENTIAL_UPDATE,"At least one required feature depends on earlier 2026-27 results, including Elo, rolling form or league-table state."
361,2026-27,2027-05-23 15:00:00,AFC Bournemouth,Chelsea,Bournemouth,Chelsea,False,REQUIRES_SEQUENTIAL_UPDATE,"At least one required feature depends on earlier 2026-27 results, including Elo, rolling form or league-table state."
362,2026-27,2027-05-23 15:00:00,Brentford,Hull City,Brentford,Hull,False,REQUIRES_SEQUENTIAL_UPDATE,"At least one required feature depends on earlier 2026-27 results, including Elo, rolling form or league-table state."
363,2026-27,2027-05-23 15:00:00,Brighton & Hove Albion,Liverpool,Brighton,Liverpool,False,REQUIRES_SEQUENTIAL_UPDATE,"At least one required feature depends on earlier 2026-27 results, including Elo, rolling form or league-table state."
364,2026-27,2027-05-23 15:00:00,Everton,Arsenal,Everton,Arsenal,False,REQUIRES_SEQUENTIAL_UPDATE,"At least one required feature depends on earlier 2026-27 results, including Elo, rolling form or league-table state."
365,2026-27,2027-05-23 15:00:00,Fulham,Coventry City,Fulham,Coventry,False,REQUIRES_SEQUENTIAL_UPDATE,"At least one required feature depends on earlier 2026-27 results, including Elo, rolling form or league-table state."
366,2026-27,2027-05-23 15:00:00,Leeds United,Sunderland,Leeds,Sunderland,False,REQUIRES_SEQUENTIAL_UPDATE,"At least one required feature depends on earlier 2026-27 results, including Elo, rolling form or league-table state."
367,2026-27,2027-05-23 15:00:00,Manchester City,Aston Villa,Man City,Aston Villa,False,REQUIRES_SEQUENTIAL_UPDATE,"At least one required feature depends on earlier 2026-27 results, including Elo, rolling form or league-table state."
368,2026-27,2027-05-23 15:00:00,Newcastle United,Crystal Palace,Newcastle,Crystal Palace,False,REQUIRES_SEQUENTIAL_UPDATE,"At least one required feature depends on earlier 2026-27 results, including Elo, rolling form or league-table state."
369,2026-27,2027-05-23 15:00:00,Nottingham Forest,Ipswich Town,Nott'm Forest,Ipswich,False,REQUIRES_SEQUENTIAL_UPDATE,"At least one required feature depends on earlier 2026-27 results, including Elo, rolling form or league-table state."
370,2026-27,2027-05-23 15:00:00,Tottenham Hotspur,Manchester United,Tottenham,Man United,False,REQUIRES_SEQUENTIAL_UPDATE,"At least one required feature depends on earlier 2026-27 results, including Elo, rolling form or league-table state."
371,2026-27,2027-05-30 15:00:00,Arsenal,Brighton & Hove Albion,Arsenal,Brighton,False,REQUIRES_SEQUENTIAL_UPDATE,"At least one required feature depends on earlier 2026-27 results, including Elo, rolling form or league-table state."
372,2026-27,2027-05-30 15:00:00,Aston Villa,Tottenham Hotspur,Aston Villa,Tottenham,False,REQUIRES_SEQUENTIAL_UPDATE,"At least one required feature depends on earlier 2026-27 results, including Elo, rolling form or league-table state."
373,2026-27,2027-05-30 15:00:00,Chelsea,Brentford,Chelsea,Brentford,False,REQUIRES_SEQUENTIAL_UPDATE,"At least one required feature depends on earlier 2026-27 results, including Elo, rolling form or league-table state."
374,2026-27,2027-05-30 15:00:00,Coventry City,Nottingham Forest,Coventry,Nott'm Forest,False,REQUIRES_SEQUENTIAL_UPDATE,"At least one required feature depends on earlier 2026-27 results, including Elo, rolling form or league-table state."
375,2026-27,2027-05-30 15:00:00,Crystal Palace,Leeds United,Crystal Palace,Leeds,False,REQUIRES_SEQUENTIAL_UPDATE,"At least one required feature depends on earlier 2026-27 results, including Elo, rolling form or league-table state."
376,2026-27,2027-05-30 15:00:00,Hull City,Newcastle United,Hull,Newcastle,False,REQUIRES_SEQUENTIAL_UPDATE,"At least one required feature depends on earlier 2026-27 results, including Elo, rolling form or league-table state."
377,2026-27,2027-05-30 15:00:00,Ipswich Town,Everton,Ipswich,Everton,False,REQUIRES_SEQUENTIAL_UPDATE,"At least one required feature depends on earlier 2026-27 results, including Elo, rolling form or league-table state."
378,2026-27,2027-05-30 15:00:00,Liverpool,AFC Bournemouth,Liverpool,Bournemouth,False,REQUIRES_SEQUENTIAL_UPDATE,"At least one required feature depends on earlier 2026-27 results, including Elo, rolling form or league-table state."
379,2026-27,2027-05-30 15:00:00,Manchester United,Fulham,Man United,Fulham,False,REQUIRES_SEQUENTIAL_UPDATE,"At least one required feature depends on earlier 2026-27 results, including Elo, rolling form or league-table state."
380,2026-27,2027-05-30 15:00:00,Sunderland,Manchester City,Sunderland,Man City,False,REQUIRES_SEQUENTIAL_UPDATE,"At least one required feature depends on earlier 2026-27 results, including Elo, rolling form or league-table state."
