Season,Date,HomeTeam,AwayTeam,ActualOutcome,ModelProbability,MarketProbability,DecimalOdds,Outcome,OutcomeOccurred,ProbabilityEdge,AbsoluteProbabilityEdge,BreakEvenProbability,ModelMinusBreakEvenProbability,ModelExpectedReturn,PositiveModelExpectedReturn,RealisedUnitReturn,CandidatePositiveExpectedReturn,StrategyNumber,Strategy,MinimumExpectedReturn,SelectionFold,SelectionTrainingStart,SelectionTrainingEnd,SelectedHistoricalROI,OddsBand
2023-24,2023-12-28,Arsenal,West Ham,A,0.1424499684279321,0.0896468147600415,10.81,A,1,0.052803153667890596,0.052803153667890596,0.09250693802035152,0.049943030407580566,0.539884158705946,True,9.81,True,7,Expected return >= 50%,0.5,3,2020-21,2022-23,0.011944444444444436,8.00 to 11.99
2024-25,2024-11-10,Tottenham,Ipswich,A,0.143267942784956,0.09052537045352492,10.66,A,1,0.05274257233143108,0.05274257233143108,0.09380863039399624,0.049459312390959756,0.527236270087631,True,9.66,True,7,Expected return >= 50%,0.5,4,2020-21,2023-24,0.042951541850220265,8.00 to 11.99
2024-25,2025-05-25,Newcastle,Everton,A,0.2224232481897849,0.092872782854544,10.36,A,1,0.1295504653352409,0.1295504653352409,0.09652509652509653,0.12589815166468837,1.3043048512461715,True,9.36,True,7,Expected return >= 50%,0.5,4,2020-21,2023-24,0.042951541850220265,8.00 to 11.99
2023-24,2023-09-02,Chelsea,Nott'm Forest,A,0.2294758676697116,0.11521355142701968,8.45,A,1,0.11426231624269191,0.11426231624269191,0.1183431952662722,0.1111326724034394,0.9390710818090628,True,7.449999999999999,True,7,Expected return >= 50%,0.5,3,2020-21,2022-23,0.011944444444444436,8.00 to 11.99
2021-22,2021-12-28,Leicester,Liverpool,H,0.3190810435649298,0.11702075074392257,8.27,H,1,0.2020602928210072,0.2020602928210072,0.12091898428053205,0.19816205928439773,1.6388002302819693,True,7.27,True,7,Expected return >= 50%,0.5,1,2020-21,2020-21,0.12523809523809523,8.00 to 11.99
2024-25,2024-12-30,Ipswich,Chelsea,H,0.2296073440825248,0.12783177117559577,7.55,H,1,0.10177557290692904,0.10177557290692904,0.13245033112582782,0.09715701295669699,0.7335354478230622,True,6.55,True,7,Expected return >= 50%,0.5,4,2020-21,2023-24,0.042951541850220265,5.00 to 7.99
2021-22,2021-11-20,Watford,Man United,H,0.2297892920135382,0.14798372179060304,6.58,H,1,0.08180557022293516,0.08180557022293516,0.1519756838905775,0.0778136081229607,0.5120135414490814,True,5.58,True,7,Expected return >= 50%,0.5,1,2020-21,2020-21,0.12523809523809523,5.00 to 7.99
2021-22,2022-02-09,Tottenham,Southampton,A,0.253200702297493,0.15188396471998242,6.41,A,1,0.10131673757751056,0.10131673757751056,0.15600624024961,0.09719446204788298,0.62301650172693,True,5.41,True,7,Expected return >= 50%,0.5,1,2020-21,2020-21,0.12523809523809523,5.00 to 7.99
2022-23,2022-08-21,Leeds,Chelsea,H,0.2476715058637641,0.15904764226525156,6.14,H,1,0.08862386359851254,0.08862386359851254,0.16286644951140067,0.08480505635236343,0.5207030460035116,True,5.14,True,7,Expected return >= 50%,0.5,2,2020-21,2021-22,0.09551724137931035,5.00 to 7.99
2022-23,2023-04-01,Chelsea,Aston Villa,A,0.2535825618596213,0.1613045277148021,6.06,A,1,0.0922780341448192,0.0922780341448192,0.16501650165016502,0.08856606020945629,0.536710324869305,True,5.06,True,7,Expected return >= 50%,0.5,2,2020-21,2021-22,0.09551724137931035,5.00 to 7.99
2023-24,2024-02-04,Chelsea,Wolves,A,0.3958759779018691,0.1610485707057931,6.02,A,1,0.23482740719607603,0.23482740719607603,0.16611295681063123,0.2297630210912379,1.383173386969252,True,5.02,True,7,Expected return >= 50%,0.5,3,2020-21,2022-23,0.011944444444444436,5.00 to 7.99
2021-22,2021-08-15,Tottenham,Man City,H,0.2526648406088871,0.16359167708664565,5.97,H,1,0.08907316352224146,0.08907316352224146,0.16750418760469013,0.08516065300419698,0.508409098435056,True,4.97,True,7,Expected return >= 50%,0.5,1,2020-21,2020-21,0.12523809523809523,5.00 to 7.99
2021-22,2022-02-13,Tottenham,Wolves,A,0.2984940581225204,0.16523542983663206,5.9,A,1,0.13325862828588833,0.13325862828588833,0.1694915254237288,0.12900253269879158,0.7611149429228703,True,4.9,True,7,Expected return >= 50%,0.5,1,2020-21,2020-21,0.12523809523809523,5.00 to 7.99
2023-24,2023-09-30,Everton,Luton,A,0.2953878110223008,0.17054499247721722,5.7,A,1,0.12484281854508356,0.12484281854508356,0.17543859649122806,0.11994921453107271,0.6837105228271145,True,4.7,True,7,Expected return >= 50%,0.5,3,2020-21,2022-23,0.011944444444444436,5.00 to 7.99
2023-24,2023-10-28,Chelsea,Brentford,A,0.2826833391239201,0.17311054983485527,5.6,A,1,0.1095727892890648,0.1095727892890648,0.17857142857142858,0.1041119105524915,0.5830266990939523,True,4.6,True,7,Expected return >= 50%,0.5,3,2020-21,2022-23,0.011944444444444436,5.00 to 7.99
2021-22,2021-09-18,Wolves,Brentford,A,0.3688560494619245,0.1813897680242062,5.38,A,1,0.18746628143771832,0.18746628143771832,0.1858736059479554,0.1829824435139691,0.9844455461051538,True,4.38,True,7,Expected return >= 50%,0.5,1,2020-21,2020-21,0.12523809523809523,5.00 to 7.99
2024-25,2025-05-10,Fulham,Everton,A,0.3314248552423252,0.1957600799851355,4.94,A,1,0.13566477525718967,0.13566477525718967,0.20242914979757085,0.12899570544475433,0.6372387848970864,True,3.9400000000000004,True,7,Expected return >= 50%,0.5,4,2020-21,2023-24,0.042951541850220265,3.00 to 4.99
2021-22,2021-12-04,West Ham,Chelsea,H,0.3366063049850156,0.1985517714937978,4.92,H,1,0.1380545334912178,0.1380545334912178,0.2032520325203252,0.1333542724646904,0.6561030205262768,True,3.92,True,7,Expected return >= 50%,0.5,1,2020-21,2020-21,0.12523809523809523,3.00 to 4.99
2024-25,2025-05-25,Man United,Aston Villa,H,0.4123592089455571,0.20112539928662615,4.82,H,1,0.21123380965893096,0.21123380965893096,0.20746887966804978,0.20489032927750733,0.9875713871175853,True,3.8200000000000003,True,7,Expected return >= 50%,0.5,4,2020-21,2023-24,0.042951541850220265,3.00 to 4.99
2021-22,2022-02-23,Burnley,Tottenham,H,0.3780089944577121,0.20710996682675648,4.71,H,1,0.1708990276309556,0.1708990276309556,0.21231422505307856,0.1656947694046335,0.7804223638958239,True,3.71,True,7,Expected return >= 50%,0.5,1,2020-21,2020-21,0.12523809523809523,3.00 to 4.99
2021-22,2022-03-10,Southampton,Newcastle,A,0.360141055945855,0.22180751799520126,4.41,A,1,0.13833353795065373,0.13833353795065373,0.22675736961451246,0.13338368633134254,0.5882220567212206,True,3.41,True,7,Expected return >= 50%,0.5,1,2020-21,2020-21,0.12523809523809523,3.00 to 4.99
2021-22,2022-05-15,Everton,Brentford,A,0.4186329524356083,0.2259807769014012,4.32,A,1,0.19265217553420708,0.19265217553420708,0.23148148148148145,0.18715147095412682,0.8084943545218279,True,3.3200000000000003,True,7,Expected return >= 50%,0.5,1,2020-21,2020-21,0.12523809523809523,3.00 to 4.99
2021-22,2022-04-04,Crystal Palace,Arsenal,H,0.4224182729213933,0.2356469288930422,4.15,H,1,0.18677134402835108,0.18677134402835108,0.24096385542168672,0.18145441749970656,0.7530358326237823,True,3.1500000000000004,True,7,Expected return >= 50%,0.5,1,2020-21,2020-21,0.12523809523809523,3.00 to 4.99
2023-24,2023-11-25,Luton,Crystal Palace,H,0.3992778733446733,0.23617016933931134,4.12,H,1,0.16310770400536195,0.16310770400536195,0.24271844660194175,0.15655942674273154,0.6450248381800541,True,3.12,True,7,Expected return >= 50%,0.5,3,2020-21,2022-23,0.011944444444444436,3.00 to 4.99
2023-24,2023-09-24,Chelsea,Aston Villa,A,0.4277689321641089,0.23867180917193162,4.1,A,1,0.18909712299217726,0.18909712299217726,0.24390243902439027,0.18386649313971862,0.7538526218728463,True,3.0999999999999996,True,7,Expected return >= 50%,0.5,3,2020-21,2022-23,0.011944444444444436,3.00 to 4.99
2022-23,2022-08-14,Nott'm Forest,West Ham,H,0.3797054160366417,0.2427046428464901,4.03,H,1,0.1370007731901516,0.1370007731901516,0.24813895781637715,0.13156645822026455,0.5302128266276662,True,3.0300000000000002,True,7,Expected return >= 50%,0.5,2,2020-21,2021-22,0.09551724137931035,3.00 to 4.99
2022-23,2022-11-12,West Ham,Leicester,A,0.3952413290001032,0.2427046428464901,4.03,A,1,0.15253668615361313,0.15253668615361313,0.24813895781637715,0.14710237118372607,0.5928225558704161,True,3.0300000000000002,True,7,Expected return >= 50%,0.5,2,2020-21,2021-22,0.09551724137931035,3.00 to 4.99
2023-24,2024-04-06,Luton,Bournemouth,H,0.4282069527340724,0.25457222718121464,3.82,H,1,0.17363472555285775,0.17363472555285775,0.2617801047120419,0.1664268480220305,0.6357505594441564,True,2.82,True,7,Expected return >= 50%,0.5,3,2020-21,2022-23,0.011944444444444436,3.00 to 4.99
2024-25,2024-10-19,Southampton,Leicester,A,0.4615096021594852,0.28543425869376793,3.41,A,1,0.1760753434657173,0.1760753434657173,0.29325513196480935,0.16825447019467588,0.5737477433638447,True,2.41,True,7,Expected return >= 50%,0.5,4,2020-21,2023-24,0.042951541850220265,3.00 to 4.99
2021-22,2021-09-18,Norwich,Watford,A,0.5150806048764587,0.29589974585664225,3.31,A,1,0.21918085901981643,0.21918085901981643,0.3021148036253776,0.21296580125108105,0.7049168021410783,True,2.31,True,7,Expected return >= 50%,0.5,1,2020-21,2020-21,0.12523809523809523,3.00 to 4.99
2023-24,2023-12-26,Sheffield United,Luton,A,0.5216519475602118,0.3088388492667682,3.15,A,1,0.21281309829344364,0.21281309829344364,0.31746031746031744,0.20419163009989438,0.6432036348146672,True,2.15,True,7,Expected return >= 50%,0.5,3,2020-21,2022-23,0.011944444444444436,3.00 to 4.99
2022-23,2023-02-26,Tottenham,Chelsea,H,0.5021680468006806,0.32156788199064745,3.04,H,1,0.18060016481003316,0.18060016481003316,0.32894736842105265,0.17322067837962796,0.5265908622740691,True,2.04,True,7,Expected return >= 50%,0.5,2,2020-21,2021-22,0.09551724137931035,3.00 to 4.99
2024-25,2024-08-17,West Ham,Aston Villa,A,0.5319889687401794,0.34004363347877836,2.86,A,1,0.19194533526140106,0.19194533526140106,0.3496503496503497,0.18233861908982973,0.5214884505969131,True,1.8599999999999999,True,7,Expected return >= 50%,0.5,4,2020-21,2023-24,0.042951541850220265,1.00 to 2.99
2023-24,2024-04-06,Fulham,Newcastle,A,0.531338787645353,0.3435701369543724,2.83,A,1,0.18776865069098064,0.18776865069098064,0.35335689045936397,0.17798189718598906,0.5036887690363492,True,1.83,True,7,Expected return >= 50%,0.5,3,2020-21,2022-23,0.011944444444444436,1.00 to 2.99
2024-25,2025-02-22,Aston Villa,Chelsea,H,0.5877810999472824,0.36314736574385137,2.68,H,1,0.22463373420343108,0.22463373420343108,0.3731343283582089,0.21464677158907353,0.575253347858717,True,1.6800000000000002,True,7,Expected return >= 50%,0.5,4,2020-21,2023-24,0.042951541850220265,1.00 to 2.99
2024-25,2025-02-15,Man City,Newcastle,H,0.7332236884415598,0.46538211568604965,2.09,H,1,0.2678415727555102,0.2678415727555102,0.47846889952153115,0.2547547889200287,0.5324375088428599,True,1.0899999999999999,True,7,Expected return >= 50%,0.5,4,2020-21,2023-24,0.042951541850220265,1.00 to 2.99
