Season,Date,HomeTeam,AwayTeam,ActualOutcome,ModelProbability,MarketProbability,DecimalOdds,Outcome,OutcomeOccurred,ProbabilityEdge,AbsoluteProbabilityEdge,BreakEvenProbability,ModelMinusBreakEvenProbability,ModelExpectedReturn,PositiveModelExpectedReturn,RealisedUnitReturn,CandidatePositiveExpectedReturn,StrategyNumber,Strategy,MinimumExpectedReturn
2020-21,2020-09-14,Brighton,Chelsea,A,0.2831729628918444,0.16058507991184356,6.07,H,0,0.12258788298000084,0.12258788298000084,0.16474464579901152,0.11842831709283289,0.7188598847534957,True,-1.0,True,7,Expected return >= 50%,0.5
2020-21,2020-09-19,Man United,Crystal Palace,A,0.163636409489315,0.10458032689032844,9.33,A,1,0.05905608259898655,0.05905608259898655,0.10718113612004287,0.05645527336927211,0.5267277005353088,True,8.33,True,7,Expected return >= 50%,0.5
2020-21,2020-09-20,Leicester,Burnley,H,0.265406028375737,0.14504822778452678,6.74,A,0,0.12035780059121023,0.12035780059121023,0.14836795252225518,0.11703807585348183,0.7888366312524675,True,-1.0,True,7,Expected return >= 50%,0.5
2020-21,2020-09-21,Aston Villa,Sheffield United,H,0.4561596982992749,0.29308792936668293,3.35,A,0,0.16307176893259195,0.16307176893259195,0.29850746268656714,0.15765223561270775,0.5281349893025709,True,-1.0,True,7,Expected return >= 50%,0.5
2020-21,2020-09-21,Wolves,Man City,A,0.2800577178217418,0.14595104565228784,6.7,H,0,0.134106672169454,0.134106672169454,0.14925373134328357,0.13080398647845826,0.8763867094056703,True,-1.0,True,7,Expected return >= 50%,0.5
2020-21,2020-09-27,Man City,Leicester,A,0.1652419992348295,0.0977174174897615,9.96,A,1,0.067524581745068,0.067524581745068,0.1004016064257028,0.06484039280912669,0.6458103123789019,True,8.96,True,7,Expected return >= 50%,0.5
2020-21,2020-09-27,Tottenham,Newcastle,D,0.2179830109516633,0.11958403233821717,8.16,A,0,0.09839897861344614,0.09839897861344614,0.12254901960784313,0.09543399134382018,0.7787413693655727,True,-1.0,True,7,Expected return >= 50%,0.5
2020-21,2020-10-03,Leeds,Man City,D,0.2033936931448928,0.10994281074795559,8.85,H,0,0.09345088239693722,0.09345088239693722,0.11299435028248588,0.09039934286240693,0.8000341843323013,True,-1.0,True,7,Expected return >= 50%,0.5
2020-21,2020-10-24,West Ham,Man City,D,0.2229705677512978,0.1395562192900334,6.97,H,0,0.08341434846126441,0.08341434846126441,0.14347202295552366,0.07949854479577415,0.5541048572265457,True,-1.0,True,7,Expected return >= 50%,0.5
2020-21,2020-10-31,Burnley,Chelsea,A,0.3103267411229878,0.1744446246148857,5.59,H,0,0.1358821165081021,0.1358821165081021,0.17889087656529518,0.13143586455769263,0.7347264828775018,True,-1.0,True,7,Expected return >= 50%,0.5
2020-21,2020-10-31,Sheffield United,Man City,A,0.2348184032955592,0.09193100366026827,10.63,H,0,0.14288739963529093,0.14288739963529093,0.09407337723424271,0.1407450260613165,1.4961196270317942,True,-1.0,True,7,Expected return >= 50%,0.5
2020-21,2020-11-07,Everton,Man United,A,0.4977025322774154,0.29427648305464615,3.33,H,0,0.20342604922276925,0.20342604922276925,0.3003003003003003,0.1974022319771151,0.6573494324837934,True,-1.0,True,7,Expected return >= 50%,0.5
2020-21,2020-11-21,Newcastle,Chelsea,A,0.2260604722541143,0.13325598066676025,7.33,H,0,0.09280449158735404,0.09280449158735404,0.1364256480218281,0.08963482423228619,0.6570232616226579,True,-1.0,True,7,Expected return >= 50%,0.5
2020-21,2020-11-21,Tottenham,Man City,H,0.549992848327716,0.22742426006010846,4.3,H,1,0.32256858826760754,0.32256858826760754,0.23255813953488372,0.3174347087928323,1.3649692478091788,True,3.3,True,7,Expected return >= 50%,0.5
2020-21,2020-11-28,Man City,Burnley,H,0.0846913464554306,0.049837218216752334,19.55,A,0,0.03485412823867826,0.03485412823867826,0.05115089514066496,0.033540451314765636,0.6557158232036682,True,-1.0,True,7,Expected return >= 50%,0.5
2020-21,2020-11-29,Southampton,Man United,A,0.4269466375569501,0.24903225806451612,3.92,H,0,0.177914379492434,0.177914379492434,0.25510204081632654,0.17184459674062358,0.6736308192232445,True,-1.0,True,7,Expected return >= 50%,0.5
2020-21,2020-12-05,Man City,Fulham,H,0.0728015547389601,0.042393579307294905,22.91,A,0,0.0304079754316652,0.0304079754316652,0.04364906154517678,0.029152493193783324,0.667883619069576,True,-1.0,True,7,Expected return >= 50%,0.5
2020-21,2020-12-06,Sheffield United,Leicester,A,0.3956733485617626,0.23583179788468725,4.14,H,0,0.15984155067707537,0.15984155067707537,0.24154589371980678,0.15412745484195584,0.6380876630456971,True,-1.0,True,7,Expected return >= 50%,0.5
2020-21,2020-12-06,Tottenham,Arsenal,H,0.6738799280465683,0.42574829285411403,2.3,H,1,0.24813163519245424,0.24813163519245424,0.4347826086956522,0.23909731935091605,0.5499238345071069,True,1.2999999999999998,True,7,Expected return >= 50%,0.5
2020-21,2020-12-12,Man United,Man City,D,0.3412461654499051,0.20850224608305026,4.68,H,0,0.13274391936685484,0.13274391936685484,0.2136752136752137,0.1275709517746914,0.5970320543055558,True,-1.0,True,7,Expected return >= 50%,0.5
2020-21,2020-12-15,Wolves,Chelsea,H,0.3115270781899911,0.16816816816816813,5.79,H,1,0.14335891002182297,0.14335891002182297,0.17271157167530224,0.13881550651468885,0.8037417827200484,True,4.79,True,7,Expected return >= 50%,0.5
2020-21,2020-12-16,Leeds,Newcastle,H,0.3065654947223923,0.17441413753361507,5.6,A,0,0.13215135718877724,0.13215135718877724,0.17857142857142858,0.12799406615096373,0.7167667704453968,True,-1.0,True,7,Expected return >= 50%,0.5
2020-21,2020-12-16,West Ham,Crystal Palace,D,0.4640996464431508,0.2657793745407039,3.68,A,0,0.19832027190244694,0.19832027190244694,0.2717391304347826,0.19236051600836823,0.707886698910795,True,-1.0,True,7,Expected return >= 50%,0.5
2020-21,2020-12-17,Sheffield United,Man United,A,0.287797422909185,0.12355700664651482,7.88,H,0,0.16424041626267016,0.16424041626267016,0.12690355329949238,0.1608938696096926,1.2678436925243775,True,-1.0,True,7,Expected return >= 50%,0.5
2020-21,2020-12-19,Newcastle,Fulham,D,0.5216805278531954,0.33853676742211036,2.89,H,0,0.18314376043108505,0.18314376043108505,0.3460207612456747,0.1756597666075207,0.5076567254957347,True,-1.0,True,7,Expected return >= 50%,0.5
2020-21,2020-12-19,Southampton,Man City,A,0.3577067392921827,0.16345778285805077,5.97,H,0,0.19424895643413195,0.19424895643413195,0.16750418760469013,0.1902025516874926,1.1355092335743309,True,-1.0,True,7,Expected return >= 50%,0.5
2020-21,2020-12-26,Arsenal,Chelsea,H,0.3714425887595594,0.20174772036474162,4.84,H,1,0.16969486839481776,0.16969486839481776,0.2066115702479339,0.1648310185116255,0.7977821295962673,True,3.84,True,7,Expected return >= 50%,0.5
2020-21,2020-12-26,Fulham,Southampton,D,0.5807263293008416,0.36516554881294583,2.68,A,0,0.21556078048789573,0.21556078048789573,0.3731343283582089,0.20759200094263264,0.5563465625262554,True,-1.0,True,7,Expected return >= 50%,0.5
2020-21,2020-12-26,Man City,Newcastle,H,0.1348178174238078,0.043836042679565694,22.04,A,0,0.0909817747442421,0.0909817747442421,0.045372050816696916,0.08944576660711089,1.9713846960207237,True,-1.0,True,7,Expected return >= 50%,0.5
2020-21,2020-12-29,Brighton,Arsenal,A,0.4024821754112992,0.2542961935244584,3.85,H,0,0.1481859818868408,0.1481859818868408,0.2597402597402597,0.1427419156710395,0.549556375333502,True,-1.0,True,7,Expected return >= 50%,0.5
2020-21,2021-01-02,West Brom,Arsenal,A,0.2505464449758134,0.15730337078651688,6.21,H,0,0.09324307418929653,0.09324307418929653,0.1610305958132045,0.08951584916260891,0.5558934232998012,True,-1.0,True,7,Expected return >= 50%,0.5
2020-21,2021-01-03,Newcastle,Leicester,A,0.2345104405158502,0.14825391644908614,6.57,H,0,0.08625652406676407,0.08625652406676407,0.15220700152207,0.0823034389937802,0.540733594189136,True,-1.0,True,7,Expected return >= 50%,0.5
2020-21,2021-01-13,Man City,Brighton,H,0.0948680985082383,0.05561165625788916,17.46,A,0,0.03925644225034914,0.03925644225034914,0.0572737686139748,0.0375943298942635,0.6563969999538408,True,-1.0,True,7,Expected return >= 50%,0.5
2020-21,2021-01-16,Fulham,Chelsea,A,0.3815198542833826,0.15516554777686928,6.29,H,0,0.2263543065065133,0.2263543065065133,0.1589825119236884,0.2225373423596942,1.3997598834424765,True,-1.0,True,7,Expected return >= 50%,0.5
2020-21,2021-01-17,Man City,Crystal Palace,H,0.1201699703514475,0.0562043795620438,17.24,A,0,0.0639655907894037,0.0639655907894037,0.0580046403712297,0.062165329980217794,1.0717302888589546,True,-1.0,True,7,Expected return >= 50%,0.5
2020-21,2021-01-19,Leicester,Chelsea,H,0.5855086850770866,0.3396894579133751,2.88,H,1,0.24581922716371152,0.24581922716371152,0.3472222222222222,0.23828646285486443,0.6862650130220094,True,1.88,True,7,Expected return >= 50%,0.5
2020-21,2021-01-26,Crystal Palace,West Ham,A,0.45364163811018,0.26852976913730253,3.64,H,0,0.18511186897287746,0.18511186897287746,0.2747252747252747,0.1789163633849053,0.6512555627210552,True,-1.0,True,7,Expected return >= 50%,0.5
2020-21,2021-01-26,Newcastle,Leeds,A,0.4659586957261778,0.2322639711515106,4.2,H,0,0.23369472457466722,0.23369472457466722,0.23809523809523808,0.22786345763093974,0.957026522049947,True,-1.0,True,7,Expected return >= 50%,0.5
2020-21,2021-01-26,West Brom,Man City,A,0.1101327353018904,0.04858518494544638,20.07,H,0,0.06154755035644402,0.06154755035644402,0.04982561036372696,0.06030712493816344,1.2103639975089404,True,-1.0,True,7,Expected return >= 50%,0.5
2020-21,2021-01-27,Burnley,Aston Villa,H,0.3508249554409343,0.2094687751016053,4.66,H,1,0.14135618033932898,0.14135618033932898,0.2145922746781116,0.1362326807628227,0.6348442923547537,True,3.66,True,7,Expected return >= 50%,0.5
2020-21,2021-01-28,Tottenham,Liverpool,A,0.4640552116343415,0.2650490532520489,3.69,H,0,0.19900615838229258,0.19900615838229258,0.2710027100271003,0.1930525016072412,0.71236373093072,True,-1.0,True,7,Expected return >= 50%,0.5
2020-21,2021-01-30,Southampton,Aston Villa,A,0.5242659389969269,0.29011229878022743,3.37,H,0,0.23415364021669943,0.23415364021669943,0.29673590504451036,0.2275300339524165,0.7667762144196435,True,-1.0,True,7,Expected return >= 50%,0.5
2020-21,2021-01-30,West Brom,Fulham,D,0.4258338312009374,0.27193568549690716,3.6,H,0,0.1538981457040302,0.1538981457040302,0.2777777777777778,0.14805605342315958,0.5330017923233745,True,-1.0,True,7,Expected return >= 50%,0.5
2020-21,2021-02-02,Wolves,Arsenal,H,0.4407317296316161,0.2628340868768958,3.72,H,1,0.1778976427547203,0.1778976427547203,0.26881720430107525,0.17191452533054086,0.639522034229612,True,2.72,True,7,Expected return >= 50%,0.5
2020-21,2021-02-03,Burnley,Man City,A,0.1321846701446695,0.05665729065721846,17.18,H,0,0.07552737948745104,0.07552737948745104,0.05820721769499418,0.07397745244967532,1.270932633085422,True,-1.0,True,7,Expected return >= 50%,0.5
2020-21,2021-02-03,Leeds,Everton,A,0.5730168309986531,0.36924578923269624,2.65,H,0,0.20377104176595684,0.20377104176595684,0.37735849056603776,0.19565834043261532,0.5184946021464305,True,-1.0,True,7,Expected return >= 50%,0.5
2020-21,2021-02-04,Tottenham,Chelsea,A,0.5706460896943166,0.23751990664241854,4.11,H,0,0.3331261830518981,0.3331261830518981,0.24330900243309,0.3273370872612266,1.3453554286436415,True,-1.0,True,7,Expected return >= 50%,0.5
2020-21,2021-02-07,Liverpool,Man City,A,0.4931625771870617,0.3102483961177825,3.15,H,0,0.1829141810692792,0.1829141810692792,0.31746031746031744,0.17570225972674425,0.5534621181392443,True,-1.0,True,7,Expected return >= 50%,0.5
2020-21,2021-02-07,Sheffield United,Chelsea,A,0.2442039660406512,0.13995115933637117,6.96,H,0,0.10425280670428003,0.10425280670428003,0.14367816091954022,0.10052580512111098,0.6996596036429323,True,-1.0,True,7,Expected return >= 50%,0.5
2020-21,2021-02-13,Leicester,Liverpool,H,0.3981641647343541,0.2470615349158792,3.96,H,1,0.15110262981847492,0.15110262981847492,0.25252525252525254,0.14563891220910158,0.5767300923480423,True,2.96,True,7,Expected return >= 50%,0.5
2020-21,2021-02-17,Everton,Man City,A,0.2751256094757734,0.08046326324159377,12.07,H,0,0.19466234623417966,0.19466234623417966,0.08285004142502071,0.1922755680507527,2.3207661063725853,True,-1.0,True,7,Expected return >= 50%,0.5
2020-21,2021-02-20,Burnley,West Brom,D,0.7032592190677329,0.4490227077765095,2.18,H,0,0.25423651129122343,0.25423651129122343,0.4587155963302752,0.24454362273745772,0.5331050975676579,True,-1.0,True,7,Expected return >= 50%,0.5
2020-21,2021-02-21,Arsenal,Man City,A,0.2099240098264057,0.1351046075798969,7.22,H,0,0.07481940224650879,0.07481940224650879,0.13850415512465375,0.07141985470175194,0.5156513509466489,True,-1.0,True,7,Expected return >= 50%,0.5
2020-21,2021-02-21,West Ham,Tottenham,H,0.5653464186441299,0.3075506854176833,3.18,H,1,0.2577957332264466,0.2577957332264466,0.31446540880503143,0.2508810098390985,0.7978016112883333,True,2.18,True,7,Expected return >= 50%,0.5
2020-21,2021-02-27,West Brom,Brighton,H,0.3667930277319119,0.2116652723783278,4.61,H,1,0.1551277553535841,0.1551277553535841,0.21691973969631234,0.14987328803559957,0.6909158578441141,True,3.6100000000000003,True,7,Expected return >= 50%,0.5
2020-21,2021-02-28,Crystal Palace,Fulham,D,0.4520734114433831,0.2766180689564088,3.54,H,0,0.1754553424869743,0.1754553424869743,0.2824858757062147,0.1695875357371684,0.6003398765095762,True,-1.0,True,7,Expected return >= 50%,0.5
2020-21,2021-02-28,Sheffield United,Liverpool,A,0.2151489175494396,0.11511790864582508,8.48,H,0,0.10003100890361452,0.10003100890361452,0.11792452830188678,0.09722438924755282,0.8244628208192479,True,-1.0,True,7,Expected return >= 50%,0.5
2020-21,2021-03-03,Sheffield United,Aston Villa,H,0.5623451440723354,0.2725640424726434,3.59,H,1,0.289781101599692,0.289781101599692,0.2785515320334262,0.2837936120389092,1.0188190672196837,True,2.59,True,7,Expected return >= 50%,0.5
2020-21,2021-03-04,Liverpool,Chelsea,A,0.7501470479003955,0.4324009069104535,2.26,H,0,0.317746140989942,0.317746140989942,0.4424778761061947,0.30766917179420084,0.6953323282548938,True,-1.0,True,7,Expected return >= 50%,0.5
2020-21,2021-03-06,Brighton,Leicester,A,0.5851835879899391,0.3113145150867804,3.14,A,1,0.2738690729031587,0.2738690729031587,0.3184713375796178,0.26671225041032126,0.8374764662884089,True,2.14,True,7,Expected return >= 50%,0.5
2020-21,2021-03-06,Burnley,Arsenal,D,0.4927316868472835,0.18831993228946256,5.18,H,0,0.304411754557821,0.304411754557821,0.19305019305019305,0.29968149379709047,1.5523501378689284,True,-1.0,True,7,Expected return >= 50%,0.5
2020-21,2021-03-06,Sheffield United,Southampton,A,0.4661883900030302,0.26126557320836663,3.74,H,0,0.20492281679466356,0.20492281679466356,0.267379679144385,0.1988087108586452,0.743544578611333,True,-1.0,True,7,Expected return >= 50%,0.5
2020-21,2021-03-12,Newcastle,Aston Villa,D,0.4877854581416785,0.2572802564787603,3.8,H,0,0.2305052016629182,0.2305052016629182,0.2631578947368421,0.22462756340483642,0.8535847409383783,True,-1.0,True,7,Expected return >= 50%,0.5
2020-21,2021-03-14,Southampton,Brighton,A,0.4910383406457217,0.29294720031118043,3.34,H,0,0.19809114033454128,0.19809114033454128,0.29940119760479045,0.19163714304093127,0.6400680577567104,True,-1.0,True,7,Expected return >= 50%,0.5
2020-21,2021-03-15,Wolves,Liverpool,A,0.4024293822175702,0.16464821729446594,5.93,H,0,0.23778116492310425,0.23778116492310425,0.16863406408094436,0.23379531813662582,1.386406236550191,True,-1.0,True,7,Expected return >= 50%,0.5
2020-21,2021-04-03,Leicester,Man City,A,0.3314863658388008,0.18802015197483785,5.2,H,0,0.14346621386396297,0.14346621386396297,0.1923076923076923,0.13917867353110852,0.7237291023617642,True,-1.0,True,7,Expected return >= 50%,0.5
2020-21,2021-04-04,Newcastle,Tottenham,D,0.2803076657137373,0.1733696305314474,5.62,H,0,0.10693803518228986,0.10693803518228986,0.17793594306049823,0.10237172265323904,0.5753290813112035,True,-1.0,True,7,Expected return >= 50%,0.5
2020-21,2021-04-10,Crystal Palace,Chelsea,A,0.2780541305099633,0.12609011984209317,7.75,H,0,0.15196401066787013,0.15196401066787013,0.12903225806451613,0.14902187244544718,1.1549195114522157,True,-1.0,True,7,Expected return >= 50%,0.5
2020-21,2021-04-21,Aston Villa,Man City,A,0.1775662841350064,0.10043821305540558,9.64,H,0,0.07712807107960083,0.07712807107960083,0.10373443983402489,0.07383184430098153,0.7117389790614619,True,-1.0,True,7,Expected return >= 50%,0.5
2020-21,2021-04-24,Sheffield United,Brighton,H,0.3303543841483375,0.15092588847463353,6.43,H,1,0.17942849567370397,0.17942849567370397,0.15552099533437014,0.17483338881396737,1.1241786900738102,True,5.43,True,7,Expected return >= 50%,0.5
2020-21,2021-04-24,West Ham,Chelsea,A,0.372465352976029,0.19078805828362275,5.09,H,0,0.18167729469240626,0.18167729469240626,0.19646365422396858,0.17600169875206043,0.8958486466479876,True,-1.0,True,7,Expected return >= 50%,0.5
2020-21,2021-05-03,West Brom,Wolves,D,0.4941874932325505,0.31440281254912184,3.11,A,0,0.17978468068342868,0.17978468068342868,0.3215434083601286,0.1726440848724219,0.5369231039532321,True,-1.0,True,7,Expected return >= 50%,0.5
2020-21,2021-05-08,Man City,Chelsea,A,0.7269368529525355,0.4700120389624603,2.08,H,0,0.2569248139900752,0.2569248139900752,0.4807692307692307,0.2461676221833048,0.512028654141274,True,-1.0,True,7,Expected return >= 50%,0.5
2020-21,2021-05-09,Wolves,Brighton,H,0.4839179875554476,0.23115501775526343,4.23,H,1,0.2527629698001842,0.2527629698001842,0.23640661938534277,0.24751136817010486,1.0469730873595435,True,3.2300000000000004,True,7,Expected return >= 50%,0.5
2020-21,2021-05-11,Man United,Leicester,A,0.6800866389428053,0.24799745515213248,3.94,H,0,0.43208918379067285,0.43208918379067285,0.25380710659898476,0.42627953234382054,1.679541357434653,True,-1.0,True,7,Expected return >= 50%,0.5
2020-21,2021-05-13,Aston Villa,Everton,D,0.5144558755783677,0.31411850768105337,3.12,H,0,0.20033736789731432,0.20033736789731432,0.3205128205128205,0.1939430550655472,0.6051023318045072,True,-1.0,True,7,Expected return >= 50%,0.5
2020-21,2021-05-13,Man United,Liverpool,A,0.6726585663561634,0.3436645396536007,2.85,H,0,0.32899402670256267,0.32899402670256267,0.3508771929824561,0.32178137337370727,0.9170769141150656,True,-1.0,True,7,Expected return >= 50%,0.5
2020-21,2021-05-15,Burnley,Leeds,A,0.4667252712402173,0.27300558873486386,3.58,H,0,0.19371968250535343,0.19371968250535343,0.27932960893854747,0.18739566230166982,0.6708764710399779,True,-1.0,True,7,Expected return >= 50%,0.5
2020-21,2021-05-18,Brighton,Man City,H,0.2264831958987295,0.13158718623524032,7.37,H,1,0.09489600966348918,0.09489600966348918,0.13568521031207598,0.09079798558665353,0.6691811537736365,True,6.37,True,7,Expected return >= 50%,0.5
2020-21,2021-05-19,Burnley,Liverpool,A,0.1880982914925719,0.09766338482332272,9.95,H,0,0.09043490666924918,0.09043490666924918,0.10050251256281408,0.08759577892975783,0.8715780003510902,True,-1.0,True,7,Expected return >= 50%,0.5
2020-21,2021-05-19,Crystal Palace,Arsenal,A,0.3548418000407395,0.163568289828475,5.96,H,0,0.19127351021226452,0.19127351021226452,0.16778523489932887,0.18705656514141064,1.1148571282428072,True,-1.0,True,7,Expected return >= 50%,0.5
2020-21,2021-05-19,West Brom,West Ham,A,0.4011053406439741,0.19755700281296637,4.91,H,0,0.2035483378310077,0.2035483378310077,0.20366598778004072,0.19743935286393335,0.9694272225619127,True,-1.0,True,7,Expected return >= 50%,0.5
2020-21,2021-05-23,Aston Villa,Chelsea,H,0.2648051184258601,0.14017790731211197,6.95,H,1,0.12462721111374811,0.12462721111374811,0.14388489208633093,0.12092022633952915,0.8403955730597277,True,5.95,True,7,Expected return >= 50%,0.5
2020-21,2021-05-23,Wolves,Man United,A,0.493758844048394,0.29843674553355864,3.28,A,1,0.19532209851483534,0.19532209851483534,0.3048780487804878,0.1888807952679062,0.6195290084787322,True,2.28,True,7,Expected return >= 50%,0.5
2021-22,2021-08-14,Chelsea,Crystal Palace,H,0.1751820271967661,0.08892056626032248,11.0,A,0,0.08626146093644362,0.08626146093644362,0.09090909090909091,0.08427293628767518,0.9270022991644271,True,-1.0,True,7,Expected return >= 50%,0.5
2021-22,2021-08-15,Tottenham,Man City,H,0.2526648406088871,0.16359167708664565,5.97,H,1,0.08907316352224146,0.08907316352224146,0.16750418760469013,0.08516065300419698,0.508409098435056,True,4.97,True,7,Expected return >= 50%,0.5
2021-22,2021-08-21,Aston Villa,Newcastle,H,0.3619611347915697,0.22252843707181277,4.39,A,0,0.13943269771975694,0.13943269771975694,0.22779043280182235,0.13417070198974737,0.5890093817349908,True,-1.0,True,7,Expected return >= 50%,0.5
2021-22,2021-08-21,Brighton,Watford,H,0.3267247748135137,0.17471728371167083,5.6,A,0,0.15200749110184286,0.15200749110184286,0.17857142857142858,0.14815334624208512,0.8296587389556767,True,-1.0,True,7,Expected return >= 50%,0.5
2021-22,2021-08-28,Aston Villa,Brentford,D,0.398614510896681,0.24036627241510872,4.07,A,0,0.15824823848157227,0.15824823848157227,0.24570024570024568,0.1529142651964353,0.6223610593494917,True,-1.0,True,7,Expected return >= 50%,0.5
2021-22,2021-08-28,Man City,Arsenal,H,0.1556587655706351,0.09311143880345482,10.5,A,0,0.06254732676718028,0.06254732676718028,0.09523809523809523,0.060420670332539866,0.6344170384916685,True,-1.0,True,7,Expected return >= 50%,0.5
2021-22,2021-08-29,Tottenham,Watford,H,0.189484202222573,0.11453789705957818,8.5,A,0,0.07494630516299483,0.07494630516299483,0.11764705882352941,0.0718371433990436,0.6106157188918706,True,-1.0,True,7,Expected return >= 50%,0.5
2021-22,2021-09-11,Chelsea,Aston Villa,H,0.1455867546050984,0.09459014194381896,10.33,A,0,0.050996612661279445,0.050996612661279445,0.0968054211035818,0.0487813335015166,0.5039111750706664,True,-1.0,True,7,Expected return >= 50%,0.5
2021-22,2021-09-11,Man United,Newcastle,H,0.105276819306778,0.06154312148915078,15.76,A,0,0.04373369781762722,0.04373369781762722,0.06345177664974619,0.04182504265703181,0.6591626722748212,True,-1.0,True,7,Expected return >= 50%,0.5
2021-22,2021-09-18,Aston Villa,Everton,H,0.5110155898837189,0.26815221410085033,3.65,A,0,0.24286337578286854,0.24286337578286854,0.273972602739726,0.23704298714399286,0.8652069030755738,True,-1.0,True,7,Expected return >= 50%,0.5
2021-22,2021-09-18,Man City,Southampton,D,0.0952313914933085,0.058028553770978264,16.74,A,0,0.03720283772233024,0.03720283772233024,0.059737156511350066,0.03549423498195844,0.5941734935979841,True,-1.0,True,7,Expected return >= 50%,0.5
2021-22,2021-09-18,Norwich,Watford,A,0.5150806048764587,0.29589974585664225,3.31,A,1,0.21918085901981643,0.21918085901981643,0.3021148036253776,0.21296580125108105,0.7049168021410783,True,2.31,True,7,Expected return >= 50%,0.5
2021-22,2021-09-18,Wolves,Brentford,A,0.3688560494619245,0.1813897680242062,5.38,A,1,0.18746628143771832,0.18746628143771832,0.1858736059479554,0.1829824435139691,0.9844455461051538,True,4.38,True,7,Expected return >= 50%,0.5
2021-22,2021-10-23,Brighton,Man City,A,0.2108581915207847,0.11943428794149855,8.18,H,0,0.09142390357928615,0.09142390357928615,0.12224938875305624,0.08860880276772845,0.7248200066400188,True,-1.0,True,7,Expected return >= 50%,0.5
2021-22,2021-11-06,Man United,Man City,A,0.3536990985258847,0.20380905476005923,4.79,H,0,0.1498900437658255,0.1498900437658255,0.20876826722338204,0.14493083130250267,0.6942186819389877,True,-1.0,True,7,Expected return >= 50%,0.5
2021-22,2021-11-07,Everton,Tottenham,D,0.4709611043323484,0.2820636187685208,3.48,H,0,0.18889748556382757,0.18889748556382757,0.28735632183908044,0.18360478249326795,0.6389446430765724,True,-1.0,True,7,Expected return >= 50%,0.5
2021-22,2021-11-20,Watford,Man United,H,0.2297892920135382,0.14798372179060304,6.58,H,1,0.08180557022293516,0.08180557022293516,0.1519756838905775,0.0778136081229607,0.5120135414490814,True,5.58,True,7,Expected return >= 50%,0.5
2021-22,2021-11-21,Tottenham,Leeds,H,0.3232289811918416,0.1620556881310547,6.01,A,0,0.16117329306078693,0.16117329306078693,0.1663893510815308,0.15683963011031082,0.9426061769629681,True,-1.0,True,7,Expected return >= 50%,0.5
2021-22,2021-11-28,Man City,West Ham,H,0.1542201831501845,0.0880768204854628,11.0,A,0,0.06614336266472169,0.06614336266472169,0.09090909090909091,0.06331109224109358,0.6964220146520295,True,-1.0,True,7,Expected return >= 50%,0.5
2021-22,2021-12-01,Southampton,Leicester,D,0.5510443647198479,0.32321955015488674,3.02,A,0,0.22782481456496112,0.22782481456496112,0.33112582781456956,0.2199185369052783,0.6641539814539406,True,-1.0,True,7,Expected return >= 50%,0.5
2021-22,2021-12-01,Wolves,Burnley,D,0.3037997399825943,0.1973206690371422,4.94,A,0,0.10647907094545209,0.10647907094545209,0.20242914979757085,0.10137059018502345,0.500770715514016,True,-1.0,True,7,Expected return >= 50%,0.5
2021-22,2021-12-02,Tottenham,Brentford,H,0.3055417308689658,0.17902637672673072,5.44,A,0,0.12651535414223508,0.12651535414223508,0.1838235294117647,0.12171820145720111,0.6621470159271741,True,-1.0,True,7,Expected return >= 50%,0.5
2021-22,2021-12-04,West Ham,Chelsea,H,0.3366063049850156,0.1985517714937978,4.92,H,1,0.1380545334912178,0.1380545334912178,0.2032520325203252,0.1333542724646904,0.6561030205262768,True,3.92,True,7,Expected return >= 50%,0.5
2021-22,2021-12-05,Leeds,Brentford,D,0.4574312777617197,0.19761537157187353,4.94,A,0,0.2598159061898462,0.2598159061898462,0.20242914979757085,0.2550021279641489,1.2597105121428958,True,-1.0,True,7,Expected return >= 50%,0.5
2021-22,2021-12-11,Man City,Wolves,H,0.0841119291165897,0.04619171734723428,21.0,A,0,0.037920211769355415,0.037920211769355415,0.047619047619047616,0.03649288149754208,0.7663505114483837,True,-1.0,True,7,Expected return >= 50%,0.5
2021-22,2021-12-14,Man City,Leeds,H,0.0814212961645803,0.04842820730671198,20.0,A,0,0.032993088857868315,0.032993088857868315,0.05,0.031421296164580295,0.6284259232916058,True,-1.0,True,7,Expected return >= 50%,0.5
2021-22,2021-12-19,Newcastle,Man City,A,0.1014206413761399,0.04141393780579428,23.5,H,0,0.06000670357034562,0.06000670357034562,0.0425531914893617,0.0588674498867782,1.3833850723392875,True,-1.0,True,7,Expected return >= 50%,0.5
2021-22,2021-12-26,Brighton,Brentford,H,0.3583706409765432,0.221371505746414,4.42,A,0,0.1369991352301292,0.1369991352301292,0.22624434389140272,0.13212629708514048,0.5839982331163209,True,-1.0,True,7,Expected return >= 50%,0.5
2021-22,2021-12-26,Man City,Leicester,H,0.1354431439034373,0.04633046330463304,21.0,A,0,0.08911268059880427,0.08911268059880427,0.047619047619047616,0.0878240962843897,1.8443060219721836,True,-1.0,True,7,Expected return >= 50%,0.5
2021-22,2021-12-28,Leicester,Liverpool,H,0.3190810435649298,0.11702075074392257,8.27,H,1,0.2020602928210072,0.2020602928210072,0.12091898428053205,0.19816205928439773,1.6388002302819693,True,7.27,True,7,Expected return >= 50%,0.5
2021-22,2022-01-23,Arsenal,Burnley,D,0.1832145109701244,0.08229371167875858,11.9,A,0,0.10092079929136581,0.10092079929136581,0.08403361344537814,0.09918089752474625,1.1802526805444802,True,-1.0,True,7,Expected return >= 50%,0.5
2021-22,2022-02-08,Burnley,Man United,D,0.2895020157825475,0.14646592955055063,6.65,H,0,0.14303608623199685,0.14303608623199685,0.15037593984962405,0.13912607593292342,0.9251884049539407,True,-1.0,True,7,Expected return >= 50%,0.5
2021-22,2022-02-09,Tottenham,Southampton,A,0.253200702297493,0.15188396471998242,6.41,A,1,0.10131673757751056,0.10131673757751056,0.15600624024961,0.09719446204788298,0.62301650172693,True,5.41,True,7,Expected return >= 50%,0.5
2021-22,2022-02-10,Liverpool,Leicester,H,0.1088716504268672,0.06936416184971098,14.0,A,0,0.03950748857715622,0.03950748857715622,0.07142857142857142,0.03744307899829577,0.5242031059761407,True,-1.0,True,7,Expected return >= 50%,0.5
2021-22,2022-02-12,Man United,Southampton,D,0.3094982725952319,0.15569405944068213,6.26,A,0,0.15380421315454976,0.15380421315454976,0.1597444089456869,0.149753863649545,0.9374591864461514,True,-1.0,True,7,Expected return >= 50%,0.5
2021-22,2022-02-13,Burnley,Liverpool,A,0.1217349542942724,0.07173305894458326,13.5,H,0,0.05000189534968914,0.05000189534968914,0.07407407407407407,0.047660880220198334,0.6434218829726774,True,-1.0,True,7,Expected return >= 50%,0.5
2021-22,2022-02-13,Leicester,West Ham,D,0.5032420637428459,0.3228042683381837,3.02,H,0,0.18043779540466215,0.18043779540466215,0.33112582781456956,0.1721162359282763,0.5197910325033945,True,-1.0,True,7,Expected return >= 50%,0.5
2021-22,2022-02-13,Tottenham,Wolves,A,0.2984940581225204,0.16523542983663206,5.9,A,1,0.13325862828588833,0.13325862828588833,0.1694915254237288,0.12900253269879158,0.7611149429228703,True,4.9,True,7,Expected return >= 50%,0.5
2021-22,2022-02-19,Crystal Palace,Chelsea,A,0.259349975190943,0.15001456521069817,6.49,H,0,0.10933540998024482,0.10933540998024482,0.15408320493066255,0.10526677026028045,0.6831813389892201,True,-1.0,True,7,Expected return >= 50%,0.5
2021-22,2022-02-23,Burnley,Tottenham,H,0.3780089944577121,0.20710996682675648,4.71,H,1,0.1708990276309556,0.1708990276309556,0.21231422505307856,0.1656947694046335,0.7804223638958239,True,3.71,True,7,Expected return >= 50%,0.5
2021-22,2022-02-23,Liverpool,Leeds,H,0.1164400994474265,0.06082105390819235,16.0,A,0,0.055619045539234156,0.055619045539234156,0.0625,0.053940099447426504,0.8630415911588241,True,-1.0,True,7,Expected return >= 50%,0.5
2021-22,2022-02-26,Everton,Man City,A,0.145066023228205,0.07780979827089336,12.5,H,0,0.06725622495731164,0.06725622495731164,0.08,0.065066023228205,0.8133252903525625,True,-1.0,True,7,Expected return >= 50%,0.5
2021-22,2022-03-06,Watford,Arsenal,A,0.2854252388424826,0.14285897581202195,6.84,H,0,0.14256626303046066,0.14256626303046066,0.14619883040935672,0.1392264084331259,0.952308633682581,True,-1.0,True,7,Expected return >= 50%,0.5
2021-22,2022-03-10,Southampton,Newcastle,A,0.360141055945855,0.22180751799520126,4.41,A,1,0.13833353795065373,0.13833353795065373,0.22675736961451246,0.13338368633134254,0.5882220567212206,True,3.41,True,7,Expected return >= 50%,0.5
2021-22,2022-03-13,Arsenal,Leicester,H,0.218590327129024,0.1231682914953281,7.92,A,0,0.09542203563369589,0.09542203563369589,0.12626262626262627,0.09232770086639772,0.7312353908618701,True,-1.0,True,7,Expected return >= 50%,0.5
2021-22,2022-03-14,Crystal Palace,Man City,D,0.1596832261959826,0.0985829329648713,9.88,H,0,0.0611002932311113,0.0611002932311113,0.10121457489878542,0.05846865129719718,0.5776702748163083,True,-1.0,True,7,Expected return >= 50%,0.5
2021-22,2022-04-02,Burnley,Man City,A,0.1214281834158371,0.058788000805315085,16.5,H,0,0.06264018261052201,0.06264018261052201,0.06060606060606061,0.06082212280977649,1.0035650263613123,True,-1.0,True,7,Expected return >= 50%,0.5
2021-22,2022-04-04,Crystal Palace,Arsenal,H,0.4224182729213933,0.2356469288930422,4.15,H,1,0.18677134402835108,0.18677134402835108,0.24096385542168672,0.18145441749970656,0.7530358326237823,True,3.1500000000000004,True,7,Expected return >= 50%,0.5
2021-22,2022-04-08,Newcastle,Wolves,H,0.4411852468787445,0.21998084037841867,4.47,A,0,0.22120440650032583,0.22120440650032583,0.2237136465324385,0.217471600346306,0.9720980535479877,True,-1.0,True,7,Expected return >= 50%,0.5
2021-22,2022-04-17,Newcastle,Leicester,H,0.518143802165978,0.25070765359843566,3.9,A,0,0.26743614856754233,0.26743614856754233,0.25641025641025644,0.26173354575572155,1.020760828447314,True,-1.0,True,7,Expected return >= 50%,0.5
2021-22,2022-04-20,Chelsea,Arsenal,A,0.7746416112192459,0.49841517277214864,1.96,H,0,0.27622643844709727,0.27622643844709727,0.5102040816326531,0.26443752958659283,0.518297557989722,True,-1.0,True,7,Expected return >= 50%,0.5
2021-22,2022-04-20,Everton,Leicester,D,0.5209322733825891,0.3375783526931172,2.9,A,0,0.18335392068947187,0.18335392068947187,0.3448275862068966,0.1761046871756925,0.5107035928095083,True,-1.0,True,7,Expected return >= 50%,0.5
2021-22,2022-04-20,Newcastle,Crystal Palace,H,0.4507265393274752,0.2763610694432189,3.54,A,0,0.17436546988425627,0.17436546988425627,0.2824858757062147,0.1682406636212605,0.5955719492192622,True,-1.0,True,7,Expected return >= 50%,0.5
2021-22,2022-04-23,Leicester,Aston Villa,D,0.6161053496597131,0.32054312676109614,3.05,H,0,0.29556222289861694,0.29556222289861694,0.3278688524590164,0.28823649720069666,0.8791213164621248,True,-1.0,True,7,Expected return >= 50%,0.5
2021-22,2022-05-01,Tottenham,Leicester,H,0.1914356972534344,0.10800187123215929,9.05,A,0,0.08343382602127511,0.08343382602127511,0.11049723756906077,0.08093845968437363,0.7324930601435815,True,-1.0,True,7,Expected return >= 50%,0.5
2021-22,2022-05-01,West Ham,Arsenal,A,0.362492131501648,0.21445034692431642,4.57,H,0,0.14804178457733158,0.14804178457733158,0.2188183807439825,0.1436737507576655,0.6565890409625315,True,-1.0,True,7,Expected return >= 50%,0.5
2021-22,2022-05-11,Leeds,Chelsea,A,0.3226180895485395,0.19700081660933905,4.95,H,0,0.12561727293920044,0.12561727293920044,0.20202020202020202,0.12059788752833747,0.5969595432652706,True,-1.0,True,7,Expected return >= 50%,0.5
2021-22,2022-05-11,Watford,Everton,D,0.282742903074772,0.16225514055129847,6.01,H,0,0.12048776252347354,0.12048776252347354,0.1663893510815308,0.11635355199324121,0.6992848474793798,True,-1.0,True,7,Expected return >= 50%,0.5
2021-22,2022-05-15,Everton,Brentford,A,0.4186329524356083,0.2259807769014012,4.32,A,1,0.19265217553420708,0.19265217553420708,0.23148148148148145,0.18715147095412682,0.8084943545218279,True,3.3200000000000003,True,7,Expected return >= 50%,0.5
2021-22,2022-05-19,Everton,Crystal Palace,H,0.4494333617137635,0.21040053053716892,4.64,A,0,0.2390328311765946,0.2390328311765946,0.21551724137931036,0.23391612033445316,1.0853707983518626,True,-1.0,True,7,Expected return >= 50%,0.5
2021-22,2022-05-22,Arsenal,Everton,H,0.2577063007918652,0.11018363939899835,8.84,A,0,0.14752266139286685,0.14752266139286685,0.11312217194570136,0.14458412884616384,1.2781236990000884,True,-1.0,True,7,Expected return >= 50%,0.5
2022-23,2022-08-06,Everton,Chelsea,A,0.267368321836452,0.14138438880706924,6.89,H,0,0.12598393302938274,0.12598393302938274,0.14513788098693758,0.1222304408495144,0.842167737453154,True,-1.0,True,7,Expected return >= 50%,0.5
2022-23,2022-08-06,Newcastle,Nott'm Forest,H,0.2732128103486811,0.14775844458222012,6.6,A,0,0.125454365766461,0.125454365766461,0.15151515151515152,0.12169765883352959,0.8032045483012953,True,-1.0,True,7,Expected return >= 50%,0.5
2022-23,2022-08-13,Aston Villa,Everton,H,0.3760785580181453,0.19131247840315466,5.11,A,0,0.18476607961499067,0.18476607961499067,0.19569471624266144,0.1803838417754839,0.9217614314727227,True,-1.0,True,7,Expected return >= 50%,0.5
2022-23,2022-08-13,Man City,Bournemouth,H,0.0772782383780834,0.02702702702702703,36.0,A,0,0.05025121135105637,0.05025121135105637,0.027777777777777776,0.04950046060030562,1.7820165816110025,True,-1.0,True,7,Expected return >= 50%,0.5
2022-23,2022-08-14,Nott'm Forest,West Ham,H,0.3797054160366417,0.2427046428464901,4.03,H,1,0.1370007731901516,0.1370007731901516,0.24813895781637715,0.13156645822026455,0.5302128266276662,True,3.0300000000000002,True,7,Expected return >= 50%,0.5
2022-23,2022-08-20,Everton,Nott'm Forest,D,0.3882825537203596,0.21119559517566858,4.62,A,0,0.177086958544691,0.177086958544691,0.21645021645021645,0.17183233727014313,0.7938653981880612,True,-1.0,True,7,Expected return >= 50%,0.5
2022-23,2022-08-20,Fulham,Brentford,H,0.567300678006601,0.35075528700906344,2.8,A,0,0.21654539099753756,0.21654539099753756,0.35714285714285715,0.21015782086374385,0.5884418984184827,True,-1.0,True,7,Expected return >= 50%,0.5
2022-23,2022-08-21,Leeds,Chelsea,H,0.2476715058637641,0.15904764226525156,6.14,H,1,0.08862386359851254,0.08862386359851254,0.16286644951140067,0.08480505635236343,0.5207030460035116,True,5.14,True,7,Expected return >= 50%,0.5
2022-23,2022-08-27,Brighton,Leeds,H,0.3482158164844745,0.1921531631520533,5.09,A,0,0.15606265333242123,0.15606265333242123,0.19646365422396858,0.15175216226050595,0.7724185059059754,True,-1.0,True,7,Expected return >= 50%,0.5
2022-23,2022-08-27,Liverpool,Bournemouth,H,0.0844541988413883,0.04983894582723279,19.5,A,0,0.03461525301415551,0.03461525301415551,0.05128205128205128,0.03317214755933702,0.6468568774070718,True,-1.0,True,7,Expected return >= 50%,0.5
2022-23,2022-08-28,Nott'm Forest,Tottenham,A,0.2203127413333814,0.13693954836598252,7.1,H,0,0.0833731929673989,0.0833731929673989,0.14084507042253522,0.0794676709108462,0.564220463467008,True,-1.0,True,7,Expected return >= 50%,0.5
2022-23,2022-08-31,Liverpool,Newcastle,H,0.1605155189063103,0.09157765457145484,10.61,A,0,0.06893786433485546,0.06893786433485546,0.09425070688030161,0.06626481202600869,0.7030696555959521,True,-1.0,True,7,Expected return >= 50%,0.5
2022-23,2022-08-31,Man City,Nott'm Forest,H,0.0694564049149618,0.03743024363685858,26.0,A,0,0.03202616127810322,0.03202616127810322,0.038461538461538464,0.030994866453423336,0.8058665277890067,True,-1.0,True,7,Expected return >= 50%,0.5
2022-23,2022-09-03,Chelsea,West Ham,H,0.2776735747064907,0.1795715509854327,5.44,A,0,0.09810202372105797,0.09810202372105797,0.1838235294117647,0.09385004529472599,0.5105442464033094,True,-1.0,True,7,Expected return >= 50%,0.5
2022-23,2022-10-18,Brighton,Nott'm Forest,D,0.4554772298396654,0.11456355711943703,8.53,A,0,0.3409136727202283,0.3409136727202283,0.1172332942555686,0.33824393558409677,2.8852207705323454,True,-1.0,True,7,Expected return >= 50%,0.5
2022-23,2022-10-24,West Ham,Bournemouth,H,0.2977425327671621,0.1592920353982301,6.12,A,0,0.13845049736893203,0.13845049736893203,0.16339869281045752,0.1343438399567046,0.8221843005350322,True,-1.0,True,7,Expected return >= 50%,0.5
2022-23,2022-11-05,Leeds,Bournemouth,H,0.2803451179835351,0.17688122056425187,5.52,A,0,0.10346389741928325,0.10346389741928325,0.1811594202898551,0.09918569769368002,0.5475050512691138,True,-1.0,True,7,Expected return >= 50%,0.5
2022-23,2022-11-06,Tottenham,Liverpool,A,0.4239181441126122,0.2721755958374148,3.59,H,0,0.1517425482751974,0.1517425482751974,0.2785515320334262,0.145366612079186,0.5218661373642777,True,-1.0,True,7,Expected return >= 50%,0.5
2022-23,2022-11-12,West Ham,Leicester,A,0.3952413290001032,0.2427046428464901,4.03,A,1,0.15253668615361313,0.15253668615361313,0.24813895781637715,0.14710237118372607,0.5928225558704161,True,3.0300000000000002,True,7,Expected return >= 50%,0.5
2022-23,2023-01-03,Man United,Bournemouth,H,0.1438678671061906,0.08463419527297769,11.5,A,0,0.0592336718332129,0.0592336718332129,0.08695652173913043,0.05691134536706016,0.6544804717211918,True,-1.0,True,7,Expected return >= 50%,0.5
2022-23,2023-02-11,Crystal Palace,Brighton,D,0.3313974840986782,0.1892156389970754,5.15,H,0,0.14218184510160278,0.14218184510160278,0.1941747572815534,0.1372227268171248,0.7066970431081929,True,-1.0,True,7,Expected return >= 50%,0.5
2022-23,2023-02-11,Fulham,Nott'm Forest,H,0.3648952794455239,0.22583134947127767,4.33,A,0,0.13906392997424624,0.13906392997424624,0.23094688221709006,0.13394839722843385,0.5799965599991186,True,-1.0,True,7,Expected return >= 50%,0.5
2022-23,2023-02-25,Leicester,Arsenal,A,0.2752337507022393,0.16235738401194136,6.02,H,0,0.11287636669029796,0.11287636669029796,0.16611295681063123,0.10912079389160809,0.6569071792274805,True,-1.0,True,7,Expected return >= 50%,0.5
2022-23,2023-02-25,West Ham,Nott'm Forest,H,0.3099073488065846,0.17442305240341704,5.6,A,0,0.13548429640316756,0.13548429640316756,0.17857142857142858,0.13133592023515603,0.7354811533168737,True,-1.0,True,7,Expected return >= 50%,0.5
2022-23,2023-02-26,Tottenham,Chelsea,H,0.5021680468006806,0.32156788199064745,3.04,H,1,0.18060016481003316,0.18060016481003316,0.32894736842105265,0.17322067837962796,0.5265908622740691,True,2.04,True,7,Expected return >= 50%,0.5
2022-23,2023-03-05,Nott'm Forest,Everton,D,0.4987006113681884,0.3159144893111639,3.1,H,0,0.1827861220570245,0.1827861220570245,0.3225806451612903,0.17611996620689807,0.5459718952413841,True,-1.0,True,7,Expected return >= 50%,0.5
2022-23,2023-03-11,Everton,Brentford,H,0.5471006756348233,0.32715942530725295,2.99,A,0,0.2199412503275704,0.2199412503275704,0.33444816053511706,0.21265251509970629,0.6358310201481219,True,-1.0,True,7,Expected return >= 50%,0.5
2022-23,2023-03-12,Fulham,Arsenal,A,0.2010751140379822,0.12386226841008363,7.83,H,0,0.07721284562789857,0.07721284562789857,0.1277139208173691,0.0733611932206131,0.5744181429174007,True,-1.0,True,7,Expected return >= 50%,0.5
2022-23,2023-03-15,Brighton,Crystal Palace,H,0.2157145886693261,0.10322685997060682,9.54,A,0,0.11248772869871929,0.11248772869871929,0.10482180293501049,0.11089278573431562,1.057917175905371,True,-1.0,True,7,Expected return >= 50%,0.5
2022-23,2023-03-17,Nott'm Forest,Newcastle,A,0.2835615400104613,0.1781734129495611,5.48,H,0,0.1053881270609002,0.1053881270609002,0.18248175182481752,0.10107978818564378,0.5539172392573279,True,-1.0,True,7,Expected return >= 50%,0.5
2022-23,2023-04-01,Chelsea,Aston Villa,A,0.2535825618596213,0.1613045277148021,6.06,A,1,0.0922780341448192,0.0922780341448192,0.16501650165016502,0.08856606020945629,0.536710324869305,True,5.06,True,7,Expected return >= 50%,0.5
2022-23,2023-04-04,Chelsea,Liverpool,D,0.495369399674726,0.2794738533882787,3.5,A,0,0.2158955462864473,0.2158955462864473,0.2857142857142857,0.2096551139604403,0.733792898861541,True,-1.0,True,7,Expected return >= 50%,0.5
2022-23,2023-04-08,Aston Villa,Nott'm Forest,H,0.2819703105746792,0.15961691939345568,6.12,A,0,0.12235339118122351,0.12235339118122351,0.16339869281045752,0.11857161776422168,0.7256583007170367,True,-1.0,True,7,Expected return >= 50%,0.5
2022-23,2023-04-16,Nott'm Forest,Man United,A,0.3070922696348525,0.18905238246540523,5.14,H,0,0.11803988716944724,0.11803988716944724,0.19455252918287938,0.1125397404519731,0.5784542659231415,True,-1.0,True,7,Expected return >= 50%,0.5
2022-23,2023-05-25,Man United,Chelsea,H,0.2774131097605609,0.14924538358114348,6.53,A,0,0.1281677261794174,0.1281677261794174,0.15313935681470137,0.12427375294585952,0.8115076067364626,True,-1.0,True,7,Expected return >= 50%,0.5
2023-24,2023-08-12,Brighton,Luton,H,0.2070253217509221,0.08524389471684574,11.36,A,0,0.12178142703407635,0.12178142703407635,0.08802816901408451,0.11899715273683757,1.3518076550904747,True,-1.0,True,7,Expected return >= 50%,0.5
2023-24,2023-08-12,Newcastle,Aston Villa,H,0.3533621704154632,0.1848998459167951,5.29,A,0,0.1684623244986681,0.1684623244986681,0.1890359168241966,0.1643262535912666,0.8692858814978004,True,-1.0,True,7,Expected return >= 50%,0.5
2023-24,2023-08-14,Man United,Wolves,H,0.1611493424122099,0.07942740002084708,12.25,A,0,0.08172194239136282,0.08172194239136282,0.08163265306122448,0.07951668935098542,0.9740794445495713,True,-1.0,True,7,Expected return >= 50%,0.5
2023-24,2023-08-19,Liverpool,Bournemouth,H,0.1285431159145138,0.07457627118644068,13.0,A,0,0.05396684472807313,0.05396684472807313,0.07692307692307693,0.051620038991436884,0.6710605068886795,True,-1.0,True,7,Expected return >= 50%,0.5
2023-24,2023-08-25,Chelsea,Luton,H,0.2644640415203204,0.07786633966891478,12.5,A,0,0.18659770185140562,0.18659770185140562,0.08,0.18446404152032037,2.3058005190040047,True,-1.0,True,7,Expected return >= 50%,0.5
2023-24,2023-08-26,Man United,Nott'm Forest,H,0.1865452884652013,0.11399483796960136,8.51,A,0,0.07255045049559994,0.07255045049559994,0.11750881316098707,0.06903647530421422,0.587500404838863,True,-1.0,True,7,Expected return >= 50%,0.5
2023-24,2023-09-02,Chelsea,Nott'm Forest,A,0.2294758676697116,0.11521355142701968,8.45,A,1,0.11426231624269191,0.11426231624269191,0.1183431952662722,0.1111326724034394,0.9390710818090628,True,7.449999999999999,True,7,Expected return >= 50%,0.5
2023-24,2023-09-16,Fulham,Luton,H,0.2665034507111172,0.17100279186069303,5.68,A,0,0.09550065885042416,0.09550065885042416,0.17605633802816903,0.09044711268294817,0.5137396000391456,True,-1.0,True,7,Expected return >= 50%,0.5
2023-24,2023-09-16,Newcastle,Brentford,H,0.3094732496945839,0.17942875805811956,5.43,A,0,0.13004449163646434,0.13004449163646434,0.1841620626151013,0.1253111870794826,0.6804397458415905,True,-1.0,True,7,Expected return >= 50%,0.5
2023-24,2023-09-24,Chelsea,Aston Villa,A,0.4277689321641089,0.23867180917193162,4.1,A,1,0.18909712299217726,0.18909712299217726,0.24390243902439027,0.18386649313971862,0.7538526218728463,True,3.0999999999999996,True,7,Expected return >= 50%,0.5
2023-24,2023-09-30,Everton,Luton,A,0.2953878110223008,0.17054499247721722,5.7,A,1,0.12484281854508356,0.12484281854508356,0.17543859649122806,0.11994921453107271,0.6837105228271145,True,4.7,True,7,Expected return >= 50%,0.5
2023-24,2023-10-27,Crystal Palace,Tottenham,A,0.3792055670109331,0.21186453560668017,4.58,H,0,0.16734103140425294,0.16734103140425294,0.2183406113537118,0.1608649556572213,0.7367614969100738,True,-1.0,True,7,Expected return >= 50%,0.5
2023-24,2023-10-28,Chelsea,Brentford,A,0.2826833391239201,0.17311054983485527,5.6,A,1,0.1095727892890648,0.1095727892890648,0.17857142857142858,0.1041119105524915,0.5830266990939523,True,4.6,True,7,Expected return >= 50%,0.5
2023-24,2023-10-29,Aston Villa,Luton,H,0.2439830403936287,0.11309485165227552,8.55,A,0,0.13088818874135316,0.13088818874135316,0.11695906432748537,0.12702397606614332,1.0860549953655254,True,-1.0,True,7,Expected return >= 50%,0.5
2023-24,2023-11-04,Newcastle,Arsenal,H,0.628938176002575,0.35631965134029664,2.73,A,0,0.2726185246622783,0.2726185246622783,0.3663003663003663,0.2626378097022087,0.7170012204870295,True,-1.0,True,7,Expected return >= 50%,0.5
2023-24,2023-11-05,Luton,Liverpool,D,0.1288965510385803,0.06461379887908264,15.0,H,0,0.06428275215949766,0.06428275215949766,0.06666666666666667,0.06222988437191364,0.9334482655787046,True,-1.0,True,7,Expected return >= 50%,0.5
2023-24,2023-11-06,Tottenham,Chelsea,A,0.6532345020575259,0.4099511428090077,2.37,H,0,0.24328335924851818,0.24328335924851818,0.42194092827004215,0.23129357378748372,0.5481657698763365,True,-1.0,True,7,Expected return >= 50%,0.5
2023-24,2023-11-11,Man United,Luton,H,0.166560010174919,0.09581401875489921,10.06,A,0,0.07074599142001979,0.07074599142001979,0.09940357852882703,0.06715643164609197,0.6755937023596852,True,-1.0,True,7,Expected return >= 50%,0.5
2023-24,2023-11-25,Luton,Crystal Palace,H,0.3992778733446733,0.23617016933931134,4.12,H,1,0.16310770400536195,0.16310770400536195,0.24271844660194175,0.15655942674273154,0.6450248381800541,True,3.12,True,7,Expected return >= 50%,0.5
2023-24,2023-11-25,Sheffield United,Bournemouth,A,0.4206623701179048,0.27227348358795944,3.57,H,0,0.14838888652994536,0.14838888652994536,0.2801120448179272,0.14055032529997763,0.5017646613209201,True,-1.0,True,7,Expected return >= 50%,0.5
2023-24,2023-12-03,Chelsea,Brighton,H,0.3072706465027729,0.17625943804926353,5.5,A,0,0.1310112084535094,0.1310112084535094,0.18181818181818182,0.1254524646845911,0.689988555765251,True,-1.0,True,7,Expected return >= 50%,0.5
2023-24,2023-12-05,Luton,Arsenal,A,0.1426343555827293,0.06228745301592984,15.5,H,0,0.08034690256679947,0.08034690256679947,0.06451612903225806,0.07811822655047124,1.210832511532304,True,-1.0,True,7,Expected return >= 50%,0.5
2023-24,2023-12-09,Wolves,Nott'm Forest,D,0.3668466345824787,0.22004820362056865,4.42,A,0,0.14679843096191003,0.14679843096191003,0.22624434389140272,0.14060229069107597,0.6214621248545558,True,-1.0,True,7,Expected return >= 50%,0.5
2023-24,2023-12-10,Fulham,West Ham,H,0.458878181782012,0.28536370842517883,3.41,A,0,0.17351447335683318,0.17351447335683318,0.29325513196480935,0.16562304981720266,0.5647745998766609,True,-1.0,True,7,Expected return >= 50%,0.5
2023-24,2023-12-16,Chelsea,Sheffield United,H,0.0997293599123081,0.06078218818952725,15.9,A,0,0.038947171722780845,0.038947171722780845,0.06289308176100629,0.036836278151301804,0.5856968226056987,True,-1.0,True,7,Expected return >= 50%,0.5
2023-24,2023-12-26,Bournemouth,Fulham,H,0.382847970857534,0.24475867343936927,3.97,A,0,0.13808929741816475,0.13808929741816475,0.2518891687657431,0.13095880209179095,0.5199064443044101,True,-1.0,True,7,Expected return >= 50%,0.5
2023-24,2023-12-26,Sheffield United,Luton,A,0.5216519475602118,0.3088388492667682,3.15,A,1,0.21281309829344364,0.21281309829344364,0.31746031746031744,0.20419163009989438,0.6432036348146672,True,2.15,True,7,Expected return >= 50%,0.5
2023-24,2023-12-28,Arsenal,West Ham,A,0.1424499684279321,0.0896468147600415,10.81,A,1,0.052803153667890596,0.052803153667890596,0.09250693802035152,0.049943030407580566,0.539884158705946,True,9.81,True,7,Expected return >= 50%,0.5
2023-24,2024-02-04,Chelsea,Wolves,A,0.3958759779018691,0.1610485707057931,6.02,A,1,0.23482740719607603,0.23482740719607603,0.16611295681063123,0.2297630210912379,1.383173386969252,True,5.02,True,7,Expected return >= 50%,0.5
2023-24,2024-02-12,Crystal Palace,Chelsea,A,0.419115362047616,0.19255243931180765,5.04,H,0,0.22656292273580836,0.22656292273580836,0.1984126984126984,0.2207026636349176,1.1123414247199848,True,-1.0,True,7,Expected return >= 50%,0.5
2023-24,2024-03-10,Aston Villa,Tottenham,A,0.6277471165373762,0.38178600113038047,2.55,H,0,0.24596111540699578,0.24596111540699578,0.3921568627450981,0.23559025379227816,0.6007551471703094,True,-1.0,True,7,Expected return >= 50%,0.5
2023-24,2024-03-10,Liverpool,Man City,D,0.5413187357178897,0.2792026356395179,3.48,H,0,0.26211610007837177,0.26211610007837177,0.28735632183908044,0.25396241387880925,0.8837892002982561,True,-1.0,True,7,Expected return >= 50%,0.5
2023-24,2024-03-13,Bournemouth,Luton,H,0.2892726096674086,0.16999420605977983,5.69,A,0,0.11927840360762876,0.11927840360762876,0.17574692442882248,0.11352568523858611,0.645961149007555,True,-1.0,True,7,Expected return >= 50%,0.5
2023-24,2024-03-30,Tottenham,Luton,H,0.1382553190345624,0.0761498394097189,12.64,A,0,0.0621054796248435,0.0621054796248435,0.0791139240506329,0.05914139498392949,0.7475472325968688,True,-1.0,True,7,Expected return >= 50%,0.5
2023-24,2024-04-02,West Ham,Tottenham,D,0.4514264586480969,0.2810352429479296,3.47,H,0,0.1703912157001673,0.1703912157001673,0.2881844380403458,0.16324202060775106,0.5664498115088963,True,-1.0,True,7,Expected return >= 50%,0.5
2023-24,2024-04-06,Fulham,Newcastle,A,0.531338787645353,0.3435701369543724,2.83,A,1,0.18776865069098064,0.18776865069098064,0.35335689045936397,0.17798189718598906,0.5036887690363492,True,1.83,True,7,Expected return >= 50%,0.5
2023-24,2024-04-06,Luton,Bournemouth,H,0.4282069527340724,0.25457222718121464,3.82,H,1,0.17363472555285775,0.17363472555285775,0.2617801047120419,0.1664268480220305,0.6357505594441564,True,2.82,True,7,Expected return >= 50%,0.5
2023-24,2024-04-07,Man United,Liverpool,D,0.3483525476020239,0.19395151212196954,5.0,H,0,0.15440103548005435,0.15440103548005435,0.2,0.14835254760202388,0.7417627380101195,True,-1.0,True,7,Expected return >= 50%,0.5
2023-24,2024-04-20,Wolves,Arsenal,A,0.2077545938558803,0.08260571564800191,11.75,H,0,0.1251488782078784,0.1251488782078784,0.0851063829787234,0.1226482108771569,1.4411164778065935,True,-1.0,True,7,Expected return >= 50%,0.5
2023-24,2024-04-27,Fulham,Crystal Palace,D,0.4054619417000453,0.25725978308118025,3.78,A,0,0.14820215861886504,0.14820215861886504,0.2645502645502646,0.1409116771497807,0.532646139626171,True,-1.0,True,7,Expected return >= 50%,0.5
2023-24,2024-04-28,Bournemouth,Brighton,H,0.464337130147487,0.2719206315936561,3.57,A,0,0.19241649855383092,0.19241649855383092,0.2801120448179272,0.18422508532955983,0.6576835546265285,True,-1.0,True,7,Expected return >= 50%,0.5
2023-24,2024-05-04,Sheffield United,Nott'm Forest,A,0.2953481404544671,0.19114568394980977,5.08,H,0,0.10420245650465734,0.10420245650465734,0.19685039370078738,0.09849774675367973,0.500368553508693,True,-1.0,True,7,Expected return >= 50%,0.5
2023-24,2024-05-06,Crystal Palace,Man United,H,0.4545185802079429,0.272075429659412,3.57,A,0,0.18244315054853089,0.18244315054853089,0.2801120448179272,0.17440653539001572,0.6226313313423562,True,-1.0,True,7,Expected return >= 50%,0.5
2023-24,2024-05-12,Man United,Arsenal,A,0.2428390146346724,0.09880374393112769,9.75,H,0,0.14403527070354472,0.14403527070354472,0.10256410256410256,0.14027491207056983,1.3676803926880559,True,-1.0,True,7,Expected return >= 50%,0.5
2023-24,2024-05-13,Aston Villa,Liverpool,D,0.4091450388039352,0.2488679587031335,3.9,H,0,0.16027708010080172,0.16027708010080172,0.25641025641025644,0.15273478239367877,0.5956656513353473,True,-1.0,True,7,Expected return >= 50%,0.5
2023-24,2024-05-19,Crystal Palace,Aston Villa,H,0.4392624469558421,0.19467445721419285,4.99,A,0,0.24458798974164925,0.24458798974164925,0.2004008016032064,0.2388616453526357,1.191919610309652,True,-1.0,True,7,Expected return >= 50%,0.5
2023-24,2024-05-19,Sheffield United,Tottenham,A,0.1974467418664834,0.12156265152039898,7.99,H,0,0.07588409034608441,0.07588409034608441,0.1251564455569462,0.0722902963095372,0.5775994675132023,True,-1.0,True,7,Expected return >= 50%,0.5
