StrategyNumber,Strategy,Date,OpeningBankroll,Bets,WinningBets,DailyStaked,DailyExposureFraction,DailyProfit,ClosingBankroll,DailyExposureScale,DailyCapBinding,RunningBankrollPeak,DrawdownUnits,DrawdownPercentage
3,Half Kelly,2021-08-14,100.0,1,0,4.0,0.04,-4.0,96.0,1.0,False,100.0,4.0,0.04
3,Half Kelly,2021-08-15,96.0,1,1,3.84,0.04,19.084799999999998,115.0848,1.0,False,115.0848,0.0,0.0
3,Half Kelly,2021-08-21,115.0848,2,0,9.206784,0.08,-9.206784,105.878016,1.0,False,115.0848,9.206783999999999,0.07999999999999999
3,Half Kelly,2021-08-28,105.878016,2,0,7.770426816425973,0.0733903704469299,-7.770426816425973,98.10758918357404,1.0,False,115.0848,16.977210816425966,0.14751914081117545
3,Half Kelly,2021-08-29,98.10758918357404,1,0,3.9243035673429616,0.04,-3.9243035673429616,94.18328561623107,1.0,False,115.0848,20.901514383768927,0.18161837517872845
3,Half Kelly,2021-09-11,94.18328561623107,2,0,4.6464612819136555,0.049334244940727655,-4.6464612819136555,89.53682433431742,1.0,False,115.0848,25.547975665682586,0.22199261471265175
3,Half Kelly,2021-09-18,89.53682433431742,4,2,12.43439375240495,0.1388746344853235,18.688606386203784,108.2254307205212,1.0,False,115.0848,6.859369279478798,0.05960273884543222
3,Half Kelly,2021-10-23,108.2254307205212,1,0,4.329017228820848,0.04,-4.329017228820848,103.89641349170036,1.0,False,115.0848,11.188386508299644,0.09721862929161491
3,Half Kelly,2021-11-06,103.89641349170036,1,0,4.155856539668014,0.04,-4.155856539668014,99.74055695203235,1.0,False,115.0848,15.344243047967652,0.13332988411995025
3,Half Kelly,2021-11-07,99.74055695203235,1,0,3.989622278081294,0.04,-3.989622278081294,95.75093467395105,1.0,False,115.0848,19.33386532604895,0.16799668875515228
3,Half Kelly,2021-11-20,95.75093467395105,1,1,3.830037386958042,0.04,21.371608619225874,117.12254329317693,1.0,False,117.12254329317693,0.0,0.0
3,Half Kelly,2021-11-21,117.12254329317693,1,0,4.684901731727077,0.04,-4.684901731727077,112.43764156144985,1.0,False,117.12254329317693,4.684901731727081,0.04000000000000003
3,Half Kelly,2021-11-28,112.43764156144985,1,0,3.915202442947383,0.03482110073260147,-3.915202442947383,108.52243911850246,1.0,False,117.12254329317693,8.60010417467447,0.0734282567032975
3,Half Kelly,2021-12-01,108.52243911850246,2,0,8.681795129480196,0.08,-8.681795129480196,99.84064398902227,1.0,False,117.12254329317693,17.281899304154663,0.14755399616703366
3,Half Kelly,2021-12-02,99.84064398902227,1,0,3.993625759560891,0.04,-3.993625759560891,95.84701822946138,1.0,False,117.12254329317693,21.27552506371555,0.18165183632035226
3,Half Kelly,2021-12-04,95.84701822946138,1,1,3.8338807291784556,0.04,15.028812458379546,110.87583068784093,1.0,False,117.12254329317693,6.2467126053360005,0.05333484425538348
3,Half Kelly,2021-12-05,110.87583068784093,1,0,4.435033227513637,0.04,-4.435033227513637,106.44079746032729,1.0,False,117.12254329317693,10.681745832849643,0.09120145048516819
3,Half Kelly,2021-12-11,106.44079746032729,1,0,2.0392739893173912,0.019158762786209593,-2.0392739893173912,104.4015234710099,1.0,False,117.12254329317693,12.721019822167037,0.10861290631577422
3,Half Kelly,2021-12-14,104.4015234710099,1,0,1.7265427310610435,0.016537524297147523,-1.7265427310610435,102.67498073994885,1.0,False,117.12254329317693,14.447562553228082,0.12335424203574083
3,Half Kelly,2021-12-19,102.67498073994885,1,0,3.156423014630424,0.03074189049642861,-3.156423014630424,99.51855772531843,1.0,False,117.12254329317693,17.6039855678585,0.1503039899312367
3,Half Kelly,2021-12-26,99.51855772531843,2,0,7.961484618025475,0.08,-7.961484618025475,91.55707310729295,1.0,False,117.12254329317693,25.56547018588398,0.21827967073673782
3,Half Kelly,2021-12-28,91.55707310729295,1,1,3.662282924291718,0.04,26.62479685960079,118.18186996689374,1.0,False,118.18186996689374,0.0,0.0
3,Half Kelly,2022-01-23,118.18186996689374,1,0,4.72727479867575,0.04,-4.72727479867575,113.45459516821799,1.0,False,118.18186996689374,4.727274798675751,0.04000000000000001
3,Half Kelly,2022-02-08,113.45459516821799,1,0,4.5381838067287195,0.04,-4.5381838067287195,108.91641136148927,1.0,False,118.18186996689374,9.265458605404476,0.07840000000000005
3,Half Kelly,2022-02-09,108.91641136148927,1,1,4.3566564544595705,0.04,23.569511418626277,132.48592278011554,1.0,False,132.48592278011554,0.0,0.0
3,Half Kelly,2022-02-10,132.48592278011554,1,0,2.6711358545942963,0.020161657922159258,-2.6711358545942963,129.81478692552125,1.0,False,132.48592278011554,2.671135854594297,0.020161657922159265
3,Half Kelly,2022-02-12,129.81478692552125,1,0,5.19259147702085,0.04,-5.19259147702085,124.62219544850039,1.0,False,132.48592278011554,7.863727331615152,0.05935519160527293
3,Half Kelly,2022-02-13,124.62219544850039,3,1,13.177161542106557,0.10573687531890709,16.233676583739538,140.85587203223992,1.0,False,140.85587203223992,0.0,0.0
3,Half Kelly,2022-02-19,140.85587203223992,1,0,5.634234881289597,0.04,-5.634234881289597,135.22163715095033,1.0,False,140.85587203223992,5.634234881289586,0.039999999999999925
3,Half Kelly,2022-02-23,135.22163715095033,2,1,9.298928715566591,0.06876805303862747,16.17682772367245,151.3984648746228,1.0,False,151.3984648746228,0.0,0.0
3,Half Kelly,2022-02-26,151.3984648746228,1,0,5.353747843612384,0.03536196914576359,-5.353747843612384,146.0447170310104,1.0,False,151.3984648746228,5.353747843612382,0.03536196914576358
3,Half Kelly,2022-03-06,146.0447170310104,1,0,5.841788681240416,0.04,-5.841788681240416,140.20292834977,1.0,False,151.3984648746228,11.195536524852798,0.07394749037993303
3,Half Kelly,2022-03-10,140.20292834977,1,1,5.6081171339908,0.04,19.123679426908627,159.32660777667863,1.0,False,159.32660777667863,0.0,0.0
3,Half Kelly,2022-03-13,159.32660777667863,1,0,6.373064311067146,0.04,-6.373064311067146,152.9535434656115,1.0,False,159.32660777667863,6.373064311067139,0.039999999999999966
3,Half Kelly,2022-03-14,152.9535434656115,1,0,4.975040286481303,0.032526479437855194,-4.975040286481303,147.9785031791302,1.0,False,159.32660777667863,11.348104597548428,0.07122542026034086
3,Half Kelly,2022-04-02,147.9785031791302,1,0,4.790517756253914,0.032373065366493946,-4.790517756253914,143.1879854228763,1.0,False,159.32660777667863,16.138622353802333,0.10129270044099073
3,Half Kelly,2022-04-04,143.1879854228763,1,1,5.727519416915052,0.04,18.041686163282414,161.2296715861587,1.0,False,161.2296715861587,0.0,0.0
3,Half Kelly,2022-04-08,161.2296715861587,1,0,6.449186863446348,0.04,-6.449186863446348,154.78048472271234,1.0,False,161.2296715861587,6.449186863446357,0.040000000000000056
3,Half Kelly,2022-04-17,154.78048472271234,1,0,6.191219388908494,0.04,-6.191219388908494,148.58926533380384,1.0,False,161.2296715861587,12.640406252354865,0.07840000000000014
3,Half Kelly,2022-04-20,148.58926533380384,3,0,17.83071184005646,0.12,-17.83071184005646,130.75855349374737,1.0,False,161.2296715861587,30.47111809241133,0.18899200000000016
3,Half Kelly,2022-04-23,130.75855349374737,1,0,5.230342139749895,0.04,-5.230342139749895,125.52821135399748,1.0,False,161.2296715861587,35.701460232161224,0.22143232000000015
3,Half Kelly,2022-05-01,125.52821135399748,2,0,10.042256908319798,0.08,-10.042256908319798,115.48595444567768,1.0,False,161.2296715861587,45.743717140481024,0.28371773440000014
3,Half Kelly,2022-05-11,115.48595444567768,2,0,9.238876355654215,0.08,-9.238876355654215,106.24707809002346,1.0,False,161.2296715861587,54.98259349613524,0.3410203156480001
3,Half Kelly,2022-05-15,106.24707809002346,1,1,4.249883123600939,0.04,14.109611970355118,120.35669006037858,1.0,False,161.2296715861587,40.87298152578012,0.2535078135660545
3,Half Kelly,2022-05-19,120.35669006037858,1,0,4.814267602415144,0.04,-4.814267602415144,115.54242245796344,1.0,False,161.2296715861587,45.68724912819526,0.28336750102341235
3,Half Kelly,2022-05-22,115.54242245796344,1,0,4.621696898318538,0.04,-4.621696898318538,110.92072555964491,1.0,False,161.2296715861587,50.308946026513794,0.3120328009824758
3,Half Kelly,2022-08-06,110.92072555964491,2,0,8.873658044771593,0.08,-8.873658044771593,102.04706751487332,1.0,False,161.2296715861587,59.18260407128538,0.3670701769038777
3,Half Kelly,2022-08-13,102.04706751487332,2,0,6.679733649398957,0.06545737973730004,-6.679733649398957,95.36733386547436,1.0,False,161.2296715861587,65.86233772068434,0.40850010468134274
3,Half Kelly,2022-08-14,95.36733386547436,1,1,3.8146933546189747,0.04,11.558520864495494,106.92585472996986,1.0,False,161.2296715861587,54.303816856188845,0.33681031736872147
3,Half Kelly,2022-08-20,106.92585472996986,2,0,8.554068378397588,0.07999999999999999,-8.554068378397588,98.37178635157227,1.0,False,161.2296715861587,62.85788523458643,0.38986549197922377
3,Half Kelly,2022-08-21,98.37178635157227,1,1,3.9348714540628906,0.04,20.225239273883258,118.59702562545553,1.0,False,161.2296715861587,42.63264596070317,0.2644218371301521
3,Half Kelly,2022-08-27,118.59702562545553,2,0,6.817267556527644,0.05748261830829924,-6.817267556527644,111.77975806892789,1.0,False,161.2296715861587,49.44991351723081,0.3067047959023195
3,Half Kelly,2022-08-28,111.77975806892789,1,0,4.471190322757116,0.04000000000000001,-4.471190322757116,107.30856774617078,1.0,False,161.2296715861587,53.92110383998792,0.3344366040662267
3,Half Kelly,2022-08-31,107.30856774617078,2,0,5.654886542733255,0.052697437506662136,-5.654886542733255,101.65368120343753,1.0,False,161.2296715861587,59.57599038272117,0.36951008953016856
3,Half Kelly,2022-09-03,101.65368120343753,1,0,4.066147248137502,0.04000000000000001,-4.066147248137502,97.58753395530003,1.0,False,161.2296715861587,63.64213763085867,0.3947296859489618
3,Half Kelly,2022-10-18,97.58753395530003,1,0,3.9035013582120013,0.04,-3.9035013582120013,93.68403259708803,1.0,False,161.2296715861587,67.54563898907067,0.4189404985110033
3,Half Kelly,2022-10-24,93.68403259708803,1,0,3.7473613038835216,0.04,-3.7473613038835216,89.93667129320451,1.0,False,161.2296715861587,71.29300029295419,0.44218287857056315
3,Half Kelly,2022-11-05,89.93667129320451,1,0,3.5974668517281807,0.04,-3.5974668517281807,86.33920444147633,1.0,False,161.2296715861587,74.89046714468238,0.4644955634277407
3,Half Kelly,2022-11-06,86.33920444147633,1,0,3.453568177659053,0.04,-3.453568177659053,82.88563626381728,1.0,False,161.2296715861587,78.34403532234143,0.485915740890631
3,Half Kelly,2022-11-12,82.88563626381728,1,1,3.315425450552691,0.04,10.045739115174655,92.93137537899193,1.0,False,161.2296715861587,68.29829620716677,0.4236087286865755
3,Half Kelly,2023-01-03,92.93137537899193,1,0,2.896274780749609,0.03116573674862818,-2.896274780749609,90.03510059824232,1.0,False,161.2296715861587,71.19457098791638,0.4415723873125368
3,Half Kelly,2023-02-11,90.03510059824232,2,0,7.202808047859386,0.08,-7.202808047859386,82.83229255038293,1.0,False,161.2296715861587,78.39737903577577,0.48624659632753386
3,Half Kelly,2023-02-25,82.83229255038293,2,0,6.626583404030635,0.08,-6.626583404030635,76.20570914635229,1.0,False,161.2296715861587,85.02396243980641,0.5273468686213312
3,Half Kelly,2023-02-26,76.20570914635229,1,1,3.048228365854092,0.04,6.218385866342348,82.42409501269464,1.0,False,161.2296715861587,78.80557657346407,0.48877837310083183
3,Half Kelly,2023-03-05,82.42409501269464,1,0,3.2969638005077857,0.04,-3.2969638005077857,79.12713121218685,1.0,False,161.2296715861587,82.10254037397185,0.5092272381767986
3,Half Kelly,2023-03-11,79.12713121218685,1,0,3.165085248487474,0.04,-3.165085248487474,75.96204596369938,1.0,False,161.2296715861587,85.26762562245932,0.5288581486497266
3,Half Kelly,2023-03-12,75.96204596369938,1,0,3.0384818385479755,0.04,-3.0384818385479755,72.9235641251514,1.0,False,161.2296715861587,88.3061074610073,0.5477038227037375
3,Half Kelly,2023-03-15,72.9235641251514,1,0,2.9169425650060563,0.04,-2.9169425650060563,70.00662156014535,1.0,False,161.2296715861587,91.22305002601335,0.565795669795588
3,Half Kelly,2023-03-17,70.00662156014535,1,0,2.800264862405814,0.04,-2.800264862405814,67.20635669773954,1.0,False,161.2296715861587,94.02331488841916,0.5831638430037646
3,Half Kelly,2023-04-01,67.20635669773954,1,1,2.6882542679095813,0.04,13.60256659562248,80.80892329336201,1.0,False,161.2296715861587,80.42074829279669,0.49879620482772646
3,Half Kelly,2023-04-04,80.80892329336201,1,0,3.2323569317344805,0.04,-3.2323569317344805,77.57656636162753,1.0,False,161.2296715861587,83.65310522453117,0.5188443566346175
3,Half Kelly,2023-04-08,77.57656636162753,1,0,3.103062654465101,0.04,-3.103062654465101,74.47350370716242,1.0,False,161.2296715861587,86.75616787899628,0.5380905823692328
3,Half Kelly,2023-04-16,74.47350370716242,1,0,2.978940148286497,0.04,-2.978940148286497,71.49456355887592,1.0,False,161.2296715861587,89.73510802728278,0.5565669590744635
3,Half Kelly,2023-05-25,71.49456355887592,1,0,2.859782542355037,0.04,-2.859782542355037,68.63478101652089,1.0,False,161.2296715861587,92.59489056963781,0.5743042807114849
3,Half Kelly,2023-08-12,68.63478101652089,2,0,5.490782481321672,0.08,-5.490782481321672,63.143998535199216,1.0,False,161.2296715861587,98.08567305095949,0.6083599382545661
3,Half Kelly,2023-08-14,63.143998535199216,1,0,2.525759941407969,0.04,-2.525759941407969,60.61823859379125,1.0,False,161.2296715861587,100.61143299236745,0.6240255407243835
3,Half Kelly,2023-08-19,60.61823859379125,1,0,1.6949377465603528,0.027960854453694978,-1.6949377465603528,58.92330084723089,1.0,False,161.2296715861587,102.30637073892781,0.6345381078584957
3,Half Kelly,2023-08-25,58.92330084723089,1,0,2.356932033889236,0.04,-2.356932033889236,56.566368813341654,1.0,False,161.2296715861587,104.66330277281705,0.6491565835441558
3,Half Kelly,2023-08-26,56.566368813341654,1,0,2.212567548475543,0.03911454093467796,-2.212567548475543,54.353801264866114,1.0,False,161.2296715861587,106.87587032129258,0.6628796627187802
3,Half Kelly,2023-09-02,54.353801264866114,1,1,2.174152050594645,0.04,16.197432776930103,70.55123404179622,1.0,False,161.2296715861587,90.67843754436248,0.5624178022089767
3,Half Kelly,2023-09-16,70.55123404179622,2,0,5.644098723343697,0.08,-5.644098723343697,64.90713531845252,1.0,False,161.2296715861587,96.32253626770618,0.5974243780322587
3,Half Kelly,2023-09-24,64.90713531845252,1,1,2.596285412738101,0.04,8.048484779488112,72.95562009794062,1.0,False,161.2296715861587,88.27405148821808,0.5475050009082587
3,Half Kelly,2023-09-30,72.95562009794062,1,1,2.918224803917625,0.04,13.715656578412837,86.67127667635346,1.0,False,161.2296715861587,74.55839490980524,0.4624359410790114
3,Half Kelly,2023-10-27,86.67127667635346,1,0,3.4668510670541384,0.04,-3.4668510670541384,83.20442560929932,1.0,False,161.2296715861587,78.02524597685938,0.48393850343585093
3,Half Kelly,2023-10-28,83.20442560929932,1,1,3.328177024371973,0.04,15.309614312111075,98.5140399214104,1.0,False,161.2296715861587,62.7156316647483,0.3889831880680475
3,Half Kelly,2023-10-29,98.5140399214104,1,0,3.940561596856416,0.04,-3.940561596856416,94.57347832455399,1.0,False,161.2296715861587,66.65619326160471,0.41342386054532554
3,Half Kelly,2023-11-04,94.57347832455399,1,0,3.78293913298216,0.04,-3.78293913298216,90.79053919157182,1.0,False,161.2296715861587,70.43913239458688,0.43688690612351255
3,Half Kelly,2023-11-05,90.79053919157182,1,0,3.026723976404576,0.033337438056382306,-3.026723976404576,87.76381521516724,1.0,False,161.2296715861587,73.46585637099146,0.4556596540093578
3,Half Kelly,2023-11-06,87.76381521516724,1,0,3.5105526086066896,0.04,-3.5105526086066896,84.25326260656055,1.0,False,161.2296715861587,76.97640897959815,0.4774332678489835
3,Half Kelly,2023-11-11,84.25326260656055,1,0,3.1413340850027076,0.037284420660026775,-3.1413340850027076,81.11192852155784,1.0,False,161.2296715861587,80.11774306460086,0.4969168657134375
3,Half Kelly,2023-11-25,81.11192852155784,2,1,6.488954281724627,0.08,6.878291538628105,87.99022006018595,1.0,False,161.2296715861587,73.23945152597275,0.45425541592593704
3,Half Kelly,2023-12-03,87.99022006018595,1,0,3.519608802407438,0.04,-3.519608802407438,84.47061125777851,1.0,False,161.2296715861587,76.75906032838019,0.47608519928889953
3,Half Kelly,2023-12-05,84.47061125777851,1,0,3.3788244503111406,0.04,-3.3788244503111406,81.09178680746737,1.0,False,161.2296715861587,80.13788477869133,0.49704179131734355
3,Half Kelly,2023-12-09,81.09178680746737,1,0,3.243671472298695,0.04,-3.243671472298695,77.84811533516867,1.0,False,161.2296715861587,83.38155625099003,0.5171601196646498
3,Half Kelly,2023-12-10,77.84811533516867,1,0,3.113924613406747,0.04,-3.113924613406747,74.73419072176192,1.0,False,161.2296715861587,86.49548086439678,0.5364737148780638
3,Half Kelly,2023-12-16,74.73419072176192,1,0,1.4688449008639006,0.01965425579213754,-1.4688449008639006,73.26534582089802,1.0,False,161.2296715861587,87.96432576526068,0.5455839790522297
3,Half Kelly,2023-12-26,73.26534582089802,2,1,5.861227665671842,0.08,3.3702059077613087,76.63555172865932,1.0,False,161.2296715861587,84.59411985749938,0.5246808420886323
3,Half Kelly,2023-12-28,76.63555172865932,1,1,2.108782893577637,0.02751703153445188,20.687160185996618,97.32271191465594,1.0,False,161.2296715861587,63.90695967150276,0.3963722002457336
3,Half Kelly,2024-02-04,97.32271191465594,1,1,3.892908476586238,0.04,19.54240055246291,116.86511246711885,1.0,False,161.2296715861587,44.36455911903985,0.27516373805507693
3,Half Kelly,2024-02-12,116.86511246711885,1,0,4.674604498684754,0.04,-4.674604498684754,112.19050796843409,1.0,False,161.2296715861587,49.03916361772461,0.3041571885328739
3,Half Kelly,2024-03-10,112.19050796843409,2,0,8.975240637474727,0.08,-8.975240637474727,103.21526733095936,1.0,False,161.2296715861587,58.01440425519934,0.35982461345024397
3,Half Kelly,2024-03-13,103.21526733095936,1,0,4.128610693238374,0.04,-4.128610693238374,99.08665663772099,1.0,False,161.2296715861587,62.14301494843771,0.3854316289122342
3,Half Kelly,2024-03-30,99.08665663772099,1,0,3.1817850496909146,0.0321111354208277,-3.1817850496909146,95.90487158803008,1.0,False,161.2296715861587,65.32479999812863,0.40516611710159095
3,Half Kelly,2024-04-02,95.90487158803008,1,0,3.8361948635212033,0.04,-3.8361948635212033,92.06867672450888,1.0,False,161.2296715861587,69.16099486164983,0.4289594724175273
3,Half Kelly,2024-04-06,92.06867672450888,2,2,7.36549413796071,0.08,17.124773870758652,109.19345059526754,1.0,False,161.2296715861587,52.03622099089117,0.3227459342871873
3,Half Kelly,2024-04-07,109.19345059526754,1,0,4.367738023810701,0.039999999999999994,-4.367738023810701,104.82571257145683,1.0,False,161.2296715861587,56.40395901470187,0.34983609691569983
3,Half Kelly,2024-04-20,104.82571257145683,1,0,4.193028502858273,0.04,-4.193028502858273,100.63268406859856,1.0,False,161.2296715861587,60.59698751756014,0.3758426530390718
3,Half Kelly,2024-04-27,100.63268406859856,1,0,4.025307362743943,0.04000000000000001,-4.025307362743943,96.60737670585462,1.0,False,161.2296715861587,64.62229488030408,0.40080894691750896
3,Half Kelly,2024-04-28,96.60737670585462,1,0,3.864295068234185,0.04,-3.864295068234185,92.74308163762043,1.0,False,161.2296715861587,68.48658994853827,0.42477658904080856
3,Half Kelly,2024-05-04,92.74308163762043,1,0,3.7097232655048176,0.04,-3.7097232655048176,89.03335837211561,1.0,False,161.2296715861587,72.19631321404309,0.44778552547917627
3,Half Kelly,2024-05-06,89.03335837211561,1,0,3.5613343348846245,0.04,-3.5613343348846245,85.472024037231,1.0,False,161.2296715861587,75.75764754892771,0.46987410446000916
3,Half Kelly,2024-05-12,85.472024037231,1,0,3.41888096148924,0.04,-3.41888096148924,82.05314307574176,1.0,False,161.2296715861587,79.17652851041694,0.49107914028160876
3,Half Kelly,2024-05-13,82.05314307574176,1,0,3.2821257230296705,0.04,-3.2821257230296705,78.7710173527121,1.0,False,161.2296715861587,82.45865423344661,0.5114359746703444
3,Half Kelly,2024-05-19,78.7710173527121,2,0,6.301681388216967,0.08,-6.301681388216967,72.46933596449513,1.0,False,161.2296715861587,88.76033562166357,0.5505210966967168
3,Half Kelly,2024-08-17,72.46933596449513,3,1,8.696320315739415,0.12,-0.4058282814011731,72.06350768309396,1.0,False,161.2296715861587,89.16616390306474,0.5530381785552152
3,Half Kelly,2024-09-21,72.06350768309396,1,0,2.8825403073237585,0.04,-2.8825403073237585,69.1809673757702,1.0,False,161.2296715861587,92.04870421038851,0.5709166514130066
3,Half Kelly,2024-10-19,69.1809673757702,1,1,2.767238695030808,0.04,6.669045255024248,75.85001263079444,1.0,False,161.2296715861587,85.37965895536426,0.5295530166092205
3,Half Kelly,2024-11-10,75.85001263079444,2,1,5.103921713594083,0.06728966201281733,16.961438367548098,92.81145099834254,1.0,False,161.2296715861587,68.41822058781617,0.4243525395463856
3,Half Kelly,2024-11-23,92.81145099834254,1,0,3.7124580399337015,0.04,-3.7124580399337015,89.09899295840883,1.0,False,161.2296715861587,72.13067862774987,0.4473784379645302
3,Half Kelly,2024-11-24,89.09899295840883,1,0,3.563959718336353,0.04,-3.563959718336353,85.53503324007248,1.0,False,161.2296715861587,75.69463834608622,0.46948330044594894
3,Half Kelly,2024-11-30,85.53503324007248,2,0,6.842802659205798,0.08,-6.842802659205798,78.69223058086668,1.0,False,161.2296715861587,82.53744100529202,0.5119246364102731
3,Half Kelly,2024-12-03,78.69223058086668,1,0,3.1476892232346674,0.04,-3.1476892232346674,75.54454135763201,1.0,False,161.2296715861587,85.68513022852669,0.5314476509538621
3,Half Kelly,2024-12-05,75.54454135763201,1,0,3.0217816543052805,0.04,-3.0217816543052805,72.52275970332673,1.0,False,161.2296715861587,88.70691188283197,0.5501897449157076
3,Half Kelly,2024-12-14,72.52275970332673,1,0,2.7529964340502846,0.03796044780027863,-2.7529964340502846,69.76976326927644,1.0,False,161.2296715861587,91.45990831688226,0.5672647436238649
3,Half Kelly,2024-12-29,69.76976326927644,1,0,2.0608064054713253,0.0295372423368794,-2.0608064054713253,67.70895686380511,1.0,False,161.2296715861587,93.52071472235359,0.5800465497591585
3,Half Kelly,2024-12-30,67.70895686380511,1,1,2.7083582745522046,0.04,17.73974669831694,85.44870356212205,1.0,False,161.2296715861587,75.78096802403665,0.47001874579605807
3,Half Kelly,2025-01-04,85.44870356212205,1,0,3.417948142484882,0.04,-3.417948142484882,82.03075541963716,1.0,False,161.2296715861587,79.19891616652154,0.4912179959642158
3,Half Kelly,2025-01-18,82.03075541963716,1,0,3.2812302167854863,0.04,-3.2812302167854863,78.74952520285167,1.0,False,161.2296715861587,82.48014638330703,0.5115692761256472
3,Half Kelly,2025-01-19,78.74952520285167,1,0,3.149981008114067,0.04,-3.149981008114067,75.5995441947376,1.0,False,161.2296715861587,85.6301273914211,0.5311065050806213
3,Half Kelly,2025-02-15,75.5995441947376,1,1,3.023981767789504,0.04,3.296140126890559,78.89568432162817,1.0,False,161.2296715861587,82.33398726453053,0.5106627487021363
3,Half Kelly,2025-02-22,78.89568432162817,1,1,3.1558273728651267,0.04,5.3017899864134135,84.19747430804158,1.0,False,161.2296715861587,77.03219727811712,0.47777928541491993
3,Half Kelly,2025-02-23,84.19747430804158,1,0,3.367898972321663,0.04,-3.367898972321663,80.82957533571991,1.0,False,161.2296715861587,80.40009625043879,0.49866811399832317
3,Half Kelly,2025-04-12,80.82957533571991,1,0,2.1579425339297775,0.026697437478384815,-2.1579425339297775,78.67163280179012,1.0,False,161.2296715861587,82.55803878436858,0.5120523906807737
3,Half Kelly,2025-04-13,78.67163280179012,1,0,3.146865312071605,0.04,-3.146865312071605,75.52476748971851,1.0,False,161.2296715861587,85.70490409644019,0.5315702950535428
3,Half Kelly,2025-04-26,75.52476748971851,2,0,4.314807005375397,0.057131020045348556,-4.314807005375397,71.20996048434311,1.0,False,161.2296715861587,90.01971110181559,0.5583321619166756
3,Half Kelly,2025-04-27,71.20996048434311,1,0,1.9790352047175195,0.027791550385042673,-1.9790352047175195,69.2309252796256,1.0,False,161.2296715861587,91.9987463065331,0.5706067958922212
3,Half Kelly,2025-05-04,69.2309252796256,1,0,2.769237011185024,0.04,-2.769237011185024,66.46168826844057,1.0,False,161.2296715861587,94.76798331771813,0.5877825240565323
3,Half Kelly,2025-05-10,66.46168826844057,2,1,5.316935061475245,0.08,7.815894540368612,74.27758280880919,1.0,False,161.2296715861587,86.95208877734952,0.5393057488855805
3,Half Kelly,2025-05-16,74.27758280880919,1,0,2.9711033123523674,0.04,-2.9711033123523674,71.30647949645682,1.0,False,161.2296715861587,89.92319208970189,0.5577335189301573
3,Half Kelly,2025-05-19,71.30647949645682,1,0,2.852259179858273,0.04,-2.852259179858273,68.45422031659854,1.0,False,161.2296715861587,92.77545126956016,0.575424178172951
3,Half Kelly,2025-05-25,68.45422031659854,5,2,13.299771202248833,0.19428708910477432,28.26563137398979,96.71985169058833,1.0,False,161.2296715861587,64.50981989557037,0.4001113396866116
