Model,CalibrationMethod,Outcome,CalibrationBin,Forecasts,MeanPredictedProbability,ObservedFrequency,CalibrationGap,AbsoluteCalibrationGap,BinLowerBound,BinUpperBound
Direct Probability Ensemble,Isotonic,A,0,7,0.0112883863802777,0.0,-0.0112883863802777,0.0112883863802777,0.0,0.1
Direct Probability Ensemble,Isotonic,A,1,247,0.1650101546984078,0.12955465587044535,-0.03545549882796245,0.03545549882796245,0.1,0.2
Direct Probability Ensemble,Isotonic,A,2,443,0.24870587850144424,0.20316027088036118,-0.04554560762108306,0.04554560762108306,0.2,0.3
Direct Probability Ensemble,Isotonic,A,3,140,0.3569709349552236,0.2571428571428571,-0.09982807781236647,0.09982807781236647,0.3,0.4
Direct Probability Ensemble,Isotonic,A,4,299,0.4627743634115312,0.4280936454849498,-0.034680717926581395,0.034680717926581395,0.4,0.5
Direct Probability Ensemble,Isotonic,A,5,171,0.5392949514756493,0.4444444444444444,-0.0948505070312049,0.0948505070312049,0.5,0.6
Direct Probability Ensemble,Isotonic,A,6,118,0.6611711901729044,0.559322033898305,-0.10184915627459934,0.10184915627459934,0.6,0.7
Direct Probability Ensemble,Isotonic,A,7,91,0.737664014650716,0.6813186813186813,-0.05634533333203462,0.05634533333203462,0.7,0.8
Direct Probability Ensemble,Isotonic,A,8,4,0.8249943333778325,0.75,-0.07499433337783246,0.07499433337783246,0.8,0.9
Direct Probability Ensemble,Isotonic,D,0,20,0.0473980209556979,0.1,0.052601979044302104,0.052601979044302104,0.0,0.1
Direct Probability Ensemble,Isotonic,D,1,291,0.18002770759710757,0.2268041237113402,0.04677641611423264,0.04677641611423264,0.1,0.2
Direct Probability Ensemble,Isotonic,D,2,1182,0.23308843104651852,0.23519458544839256,0.002106154401874033,0.002106154401874033,0.2,0.3
Direct Probability Ensemble,Isotonic,D,3,24,0.32268875384024104,0.125,-0.19768875384024104,0.19768875384024104,0.3,0.4
Direct Probability Ensemble,Isotonic,D,4,3,0.4711414615642775,0.3333333333333333,-0.13780812823094418,0.13780812823094418,0.4,0.5
Direct Probability Ensemble,Isotonic,H,0,130,0.05587999606821273,0.13076923076923078,0.07488923470101805,0.07488923470101805,0.0,0.1
Direct Probability Ensemble,Isotonic,H,1,113,0.13884062422181412,0.20353982300884957,0.06469919878703545,0.06469919878703545,0.1,0.2
Direct Probability Ensemble,Isotonic,H,2,320,0.26160806081924914,0.296875,0.035266939180750856,0.035266939180750856,0.2,0.3
Direct Probability Ensemble,Isotonic,H,3,198,0.33738558603515995,0.4292929292929293,0.09190734325776934,0.09190734325776934,0.3,0.4
Direct Probability Ensemble,Isotonic,H,4,152,0.4598004425099874,0.4868421052631579,0.027041662753170492,0.027041662753170492,0.4,0.5
Direct Probability Ensemble,Isotonic,H,5,340,0.5398322204225455,0.5735294117647058,0.033697191342160315,0.033697191342160315,0.5,0.6
Direct Probability Ensemble,Isotonic,H,6,240,0.6393536700950375,0.6875,0.04814632990496248,0.04814632990496248,0.6,0.7
Direct Probability Ensemble,Isotonic,H,7,17,0.7546205115409662,0.8235294117647058,0.06890890022373963,0.06890890022373963,0.7,0.8
Direct Probability Ensemble,Isotonic,H,8,6,0.8310626941146643,0.8333333333333334,0.0022706392186691016,0.0022706392186691016,0.8,0.9
Direct Probability Ensemble,Isotonic,H,9,4,0.9522542074500999,1.0,0.04774579254990008,0.04774579254990008,0.9,1.0
Direct Probability Ensemble,Original,A,0,140,0.07383513823393469,0.07857142857142857,0.004736290337493884,0.004736290337493884,0.0,0.1
Direct Probability Ensemble,Original,A,1,325,0.14480419765614566,0.14461538461538462,-0.00018881304076104333,0.00018881304076104333,0.1,0.2
Direct Probability Ensemble,Original,A,2,294,0.2469547276819269,0.25510204081632654,0.008147313134399647,0.008147313134399647,0.2,0.3
Direct Probability Ensemble,Original,A,3,289,0.34827382480814445,0.35986159169550175,0.011587766887357298,0.011587766887357298,0.3,0.4
Direct Probability Ensemble,Original,A,4,182,0.45223708511489574,0.45604395604395603,0.003806870929060291,0.003806870929060291,0.4,0.5
Direct Probability Ensemble,Original,A,5,147,0.5450449939384513,0.4965986394557823,-0.048446354482668985,0.048446354482668985,0.5,0.6
Direct Probability Ensemble,Original,A,6,103,0.6422328321878136,0.7087378640776699,0.06650503188985635,0.06650503188985635,0.6,0.7
Direct Probability Ensemble,Original,A,7,37,0.7359059036827874,0.6486486486486487,-0.08725725503413873,0.08725725503413873,0.7,0.8
Direct Probability Ensemble,Original,A,8,3,0.8048627318105602,1.0,0.19513726818943977,0.19513726818943977,0.8,0.9
Direct Probability Ensemble,Original,D,0,26,0.08286364809729048,0.07692307692307693,-0.005940571174213552,0.005940571174213552,0.0,0.1
Direct Probability Ensemble,Original,D,1,437,0.16389151412247208,0.2128146453089245,0.04892313118645242,0.04892313118645242,0.1,0.2
Direct Probability Ensemble,Original,D,2,981,0.244898995463828,0.23955147808358818,-0.005347517380239836,0.005347517380239836,0.2,0.3
Direct Probability Ensemble,Original,D,3,76,0.32255069405437936,0.2631578947368421,-0.05939279931753727,0.05939279931753727,0.3,0.4
Direct Probability Ensemble,Original,H,0,14,0.08270433566204745,0.0,-0.08270433566204745,0.08270433566204745,0.0,0.1
Direct Probability Ensemble,Original,H,1,136,0.15502169596736085,0.11764705882352941,-0.037374637143831435,0.037374637143831435,0.1,0.2
Direct Probability Ensemble,Original,H,2,233,0.25193088825784465,0.22317596566523606,-0.02875492259260859,0.02875492259260859,0.2,0.3
Direct Probability Ensemble,Original,H,3,273,0.3526194988063562,0.3772893772893773,0.0246698784830211,0.0246698784830211,0.3,0.4
Direct Probability Ensemble,Original,H,4,257,0.45007164882293627,0.4591439688715953,0.009072320048659044,0.009072320048659044,0.4,0.5
Direct Probability Ensemble,Original,H,5,207,0.5450524581911734,0.5748792270531401,0.029826768861966668,0.029826768861966668,0.5,0.6
Direct Probability Ensemble,Original,H,6,181,0.6497715154635573,0.6132596685082873,-0.03651184695526999,0.03651184695526999,0.6,0.7
Direct Probability Ensemble,Original,H,7,152,0.7450679305967975,0.6644736842105263,-0.08059424638627122,0.08059424638627122,0.7,0.8
Direct Probability Ensemble,Original,H,8,67,0.8362709179422861,0.8507462686567164,0.01447535071443029,0.01447535071443029,0.8,0.9
Direct Probability Ensemble,Sigmoid,A,0,22,0.08545388304559969,0.045454545454545456,-0.03999933759105423,0.03999933759105423,0.0,0.1
Direct Probability Ensemble,Sigmoid,A,1,208,0.1553746782637047,0.10576923076923077,-0.049605447494473945,0.049605447494473945,0.1,0.2
Direct Probability Ensemble,Sigmoid,A,2,297,0.25221871911995297,0.19528619528619529,-0.05693252383375769,0.05693252383375769,0.2,0.3
Direct Probability Ensemble,Sigmoid,A,3,324,0.3493800344601805,0.2623456790123457,-0.08703435544783483,0.08703435544783483,0.3,0.4
Direct Probability Ensemble,Sigmoid,A,4,306,0.4513345742632402,0.39215686274509803,-0.05917771151814216,0.05917771151814216,0.4,0.5
Direct Probability Ensemble,Sigmoid,A,5,231,0.549372514427671,0.5021645021645021,-0.04720801226316884,0.04720801226316884,0.5,0.6
Direct Probability Ensemble,Sigmoid,A,6,113,0.6438426121672693,0.6637168141592921,0.019874201992022722,0.019874201992022722,0.6,0.7
Direct Probability Ensemble,Sigmoid,A,7,19,0.7207680982829826,0.8421052631578947,0.12133716487491208,0.12133716487491208,0.7,0.8
Direct Probability Ensemble,Sigmoid,D,1,252,0.1776084825730532,0.19444444444444445,0.016835961871391247,0.016835961871391247,0.1,0.2
Direct Probability Ensemble,Sigmoid,D,2,1268,0.2326226984410558,0.23738170347003154,0.004759005028975749,0.004759005028975749,0.2,0.3
Direct Probability Ensemble,Sigmoid,H,0,27,0.08690901484584798,0.037037037037037035,-0.04987197780881095,0.04987197780881095,0.0,0.1
Direct Probability Ensemble,Sigmoid,H,1,174,0.16028593545614353,0.14367816091954022,-0.01660777453660331,0.01660777453660331,0.1,0.2
Direct Probability Ensemble,Sigmoid,H,2,286,0.2529909847735476,0.2762237762237762,0.023232791450228607,0.023232791450228607,0.2,0.3
Direct Probability Ensemble,Sigmoid,H,3,309,0.34858444890323304,0.4336569579288026,0.08507250902556956,0.08507250902556956,0.3,0.4
Direct Probability Ensemble,Sigmoid,H,4,276,0.4484062860903208,0.4963768115942029,0.04797052550388209,0.04797052550388209,0.4,0.5
Direct Probability Ensemble,Sigmoid,H,5,223,0.548427536828461,0.6233183856502242,0.07489084882176322,0.07489084882176322,0.5,0.6
Direct Probability Ensemble,Sigmoid,H,6,168,0.6459733766609488,0.6904761904761905,0.04450281381524168,0.04450281381524168,0.6,0.7
Direct Probability Ensemble,Sigmoid,H,7,56,0.7289442027378298,0.8035714285714286,0.07462722583359882,0.07462722583359882,0.7,0.8
Direct Probability Ensemble,Sigmoid,H,8,1,0.800641086558289,1.0,0.19935891344171097,0.19935891344171097,0.8,0.9
Independent Poisson,Isotonic,A,0,24,0.032991813611229354,0.0,-0.032991813611229354,0.032991813611229354,0.0,0.1
Independent Poisson,Isotonic,A,1,216,0.1611680794972337,0.09722222222222222,-0.06394585727501147,0.06394585727501147,0.1,0.2
Independent Poisson,Isotonic,A,2,333,0.24528534037944827,0.2042042042042042,-0.04108113617524406,0.04108113617524406,0.2,0.3
Independent Poisson,Isotonic,A,3,257,0.33159514502565185,0.29961089494163423,-0.03198425008401762,0.03198425008401762,0.3,0.4
Independent Poisson,Isotonic,A,4,366,0.45899688702919206,0.39617486338797814,-0.06282202364121392,0.06282202364121392,0.4,0.5
Independent Poisson,Isotonic,A,5,138,0.5452772427389084,0.4492753623188406,-0.09600188042006785,0.09600188042006785,0.5,0.6
Independent Poisson,Isotonic,A,6,70,0.6508685522936657,0.5428571428571428,-0.10801140943652288,0.10801140943652288,0.6,0.7
Independent Poisson,Isotonic,A,7,106,0.7456351537087111,0.7169811320754716,-0.02865402163323949,0.02865402163323949,0.7,0.8
Independent Poisson,Isotonic,A,8,10,0.8379732123282839,0.6,-0.23797321232828395,0.23797321232828395,0.8,0.9
Independent Poisson,Isotonic,D,0,1,0.07976470091691686,0.0,-0.07976470091691686,0.07976470091691686,0.0,0.1
Independent Poisson,Isotonic,D,1,500,0.16876961099277543,0.22,0.05123038900722457,0.05123038900722457,0.1,0.2
Independent Poisson,Isotonic,D,2,984,0.2378487448215267,0.2347560975609756,-0.0030926472605511124,0.0030926472605511124,0.2,0.3
Independent Poisson,Isotonic,D,3,30,0.310270653543321,0.3,-0.010270653543321018,0.010270653543321018,0.3,0.4
Independent Poisson,Isotonic,D,4,4,0.421781960081952,0.0,-0.421781960081952,0.421781960081952,0.4,0.5
Independent Poisson,Isotonic,D,5,1,0.5124503172000149,0.0,-0.5124503172000149,0.5124503172000149,0.5,0.6
Independent Poisson,Isotonic,H,0,126,0.0640602239950255,0.07936507936507936,0.015304855370053855,0.015304855370053855,0.0,0.1
Independent Poisson,Isotonic,H,1,98,0.15869749699736693,0.24489795918367346,0.08620046218630653,0.08620046218630653,0.1,0.2
Independent Poisson,Isotonic,H,2,343,0.2642162245775067,0.33527696793002915,0.07106074335252244,0.07106074335252244,0.2,0.3
Independent Poisson,Isotonic,H,3,181,0.3430349338985646,0.40331491712707185,0.06027998322850725,0.06027998322850725,0.3,0.4
Independent Poisson,Isotonic,H,4,261,0.44543381027849793,0.45977011494252873,0.014336304664030797,0.014336304664030797,0.4,0.5
Independent Poisson,Isotonic,H,5,191,0.548576526124955,0.581151832460733,0.03257530633577799,0.03257530633577799,0.5,0.6
Independent Poisson,Isotonic,H,6,269,0.6470923877905473,0.6728624535315985,0.025770065741051118,0.025770065741051118,0.6,0.7
Independent Poisson,Isotonic,H,7,27,0.7322280345935167,0.7407407407407407,0.008512706147223992,0.008512706147223992,0.7,0.8
Independent Poisson,Isotonic,H,8,23,0.8316301771604131,0.9565217391304348,0.12489156197002171,0.12489156197002171,0.8,0.9
Independent Poisson,Isotonic,H,9,1,0.9202352990821628,1.0,0.07976470091783716,0.07976470091783716,0.9,1.0
Independent Poisson,Original,A,0,161,0.06091498845424746,0.06832298136645963,0.007407992912212169,0.007407992912212169,0.0,0.1
Independent Poisson,Original,A,1,271,0.1491781724223887,0.15129151291512916,0.002113340492740451,0.002113340492740451,0.1,0.2
Independent Poisson,Original,A,2,302,0.25008821229883205,0.25496688741721857,0.004878675118386522,0.004878675118386522,0.2,0.3
Independent Poisson,Original,A,3,296,0.34762482631902386,0.33783783783783783,-0.009786988481186032,0.009786988481186032,0.3,0.4
Independent Poisson,Original,A,4,218,0.45173346270025627,0.44954128440366975,-0.002192178296586522,0.002192178296586522,0.4,0.5
Independent Poisson,Original,A,5,130,0.5461759941373558,0.5153846153846153,-0.030791378752740517,0.030791378752740517,0.5,0.6
Independent Poisson,Original,A,6,88,0.6439301839814812,0.625,-0.018930183981481163,0.018930183981481163,0.6,0.7
Independent Poisson,Original,A,7,39,0.7543883653897271,0.8461538461538461,0.09176548076411906,0.09176548076411906,0.7,0.8
Independent Poisson,Original,A,8,15,0.8391447477281354,0.7333333333333333,-0.10581141439480213,0.10581141439480213,0.8,0.9
Independent Poisson,Original,D,0,50,0.0767456142866818,0.06,-0.016745614286681795,0.016745614286681795,0.0,0.1
Independent Poisson,Original,D,1,313,0.15921032963633958,0.20447284345047922,0.04526251381413965,0.04526251381413965,0.1,0.2
Independent Poisson,Original,D,2,1155,0.2437367105790219,0.24502164502164503,0.0012849344426231202,0.0012849344426231202,0.2,0.3
Independent Poisson,Original,D,3,2,0.3093868713779861,0.0,-0.3093868713779861,0.3093868713779861,0.3,0.4
Independent Poisson,Original,H,0,43,0.0726944677397168,0.046511627906976744,-0.026182839832740057,0.026182839832740057,0.0,0.1
Independent Poisson,Original,H,1,124,0.15981768360201823,0.12903225806451613,-0.030785425537502104,0.030785425537502104,0.1,0.2
Independent Poisson,Original,H,2,227,0.2558044045356339,0.2687224669603524,0.01291806242471849,0.01291806242471849,0.2,0.3
Independent Poisson,Original,H,3,262,0.3521531562147411,0.37786259541984735,0.025709439205106266,0.025709439205106266,0.3,0.4
Independent Poisson,Original,H,4,290,0.4499537472123985,0.45517241379310347,0.005218666580704967,0.005218666580704967,0.4,0.5
Independent Poisson,Original,H,5,193,0.5483921630029716,0.5544041450777202,0.006011982074748623,0.006011982074748623,0.5,0.6
Independent Poisson,Original,H,6,173,0.6467923614922285,0.6069364161849711,-0.039855945307257445,0.039855945307257445,0.6,0.7
Independent Poisson,Original,H,7,116,0.7492703520858918,0.6810344827586207,-0.0682358693272711,0.0682358693272711,0.7,0.8
Independent Poisson,Original,H,8,74,0.8417068699816096,0.7972972972972973,-0.04440957268431234,0.04440957268431234,0.8,0.9
Independent Poisson,Original,H,9,18,0.9268929869691971,0.9444444444444444,0.017551457475247334,0.017551457475247334,0.9,1.0
Independent Poisson,Sigmoid,A,0,40,0.07515679447171145,0.025,-0.050156794471711445,0.050156794471711445,0.0,0.1
Independent Poisson,Sigmoid,A,1,171,0.15459382037346608,0.07602339181286549,-0.07857042856060059,0.07857042856060059,0.1,0.2
Independent Poisson,Sigmoid,A,2,290,0.25367549348961455,0.2103448275862069,-0.043330665903407645,0.043330665903407645,0.2,0.3
Independent Poisson,Sigmoid,A,3,357,0.35001293519736537,0.2773109243697479,-0.07270201082761746,0.07270201082761746,0.3,0.4
Independent Poisson,Sigmoid,A,4,332,0.4498631673206423,0.37349397590361444,-0.07636919141702786,0.07636919141702786,0.4,0.5
Independent Poisson,Sigmoid,A,5,214,0.5444040281827893,0.5186915887850467,-0.025712439397742592,0.025712439397742592,0.5,0.6
Independent Poisson,Sigmoid,A,6,84,0.641607811122108,0.7142857142857143,0.07267790316360634,0.07267790316360634,0.6,0.7
Independent Poisson,Sigmoid,A,7,30,0.7368814241766817,0.7666666666666667,0.029785242489985042,0.029785242489985042,0.7,0.8
Independent Poisson,Sigmoid,A,8,2,0.8103592578821324,0.5,-0.31035925788213237,0.31035925788213237,0.8,0.9
Independent Poisson,Sigmoid,D,0,3,0.09158735300929716,0.0,-0.09158735300929716,0.09158735300929716,0.0,0.1
Independent Poisson,Sigmoid,D,1,264,0.17361222362757509,0.19318181818181818,0.01956959455424309,0.01956959455424309,0.1,0.2
Independent Poisson,Sigmoid,D,2,1253,0.2327898234049771,0.2386272944932163,0.0058374710882392045,0.0058374710882392045,0.2,0.3
Independent Poisson,Sigmoid,H,0,39,0.07695333620523201,0.05128205128205128,-0.02567128492318073,0.02567128492318073,0.0,0.1
Independent Poisson,Sigmoid,H,1,128,0.16136185814790185,0.125,-0.036361858147901854,0.036361858147901854,0.1,0.2
Independent Poisson,Sigmoid,H,2,299,0.25308640712502706,0.28762541806020064,0.034539010935173586,0.034539010935173586,0.2,0.3
Independent Poisson,Sigmoid,H,3,330,0.3505776848907798,0.4090909090909091,0.05851322420012933,0.05851322420012933,0.3,0.4
Independent Poisson,Sigmoid,H,4,293,0.4457332805341786,0.49146757679180886,0.04573429625763026,0.04573429625763026,0.4,0.5
Independent Poisson,Sigmoid,H,5,223,0.5456878332883575,0.6278026905829597,0.08211485729460222,0.08211485729460222,0.5,0.6
Independent Poisson,Sigmoid,H,6,129,0.6490803618391587,0.689922480620155,0.040842118780996306,0.040842118780996306,0.6,0.7
Independent Poisson,Sigmoid,H,7,64,0.7386638257423737,0.78125,0.04258617425762634,0.04258617425762634,0.7,0.8
Independent Poisson,Sigmoid,H,8,15,0.8300883957285285,1.0,0.16991160427147145,0.16991160427147145,0.8,0.9
Tuned Random Forest,Isotonic,A,0,1,0.05156744184908872,0.0,-0.05156744184908872,0.05156744184908872,0.0,0.1
Tuned Random Forest,Isotonic,A,1,299,0.16224841483225633,0.11036789297658862,-0.0518805218556677,0.0518805218556677,0.1,0.2
Tuned Random Forest,Isotonic,A,2,368,0.2554153046970431,0.22010869565217392,-0.03530660904486918,0.03530660904486918,0.2,0.3
Tuned Random Forest,Isotonic,A,3,185,0.34588695890450716,0.2918918918918919,-0.05399506701261525,0.05399506701261525,0.3,0.4
Tuned Random Forest,Isotonic,A,4,213,0.44704939375303593,0.36619718309859156,-0.08085221065444437,0.08085221065444437,0.4,0.5
Tuned Random Forest,Isotonic,A,5,249,0.540520058975423,0.4859437751004016,-0.05457628387502139,0.05457628387502139,0.5,0.6
Tuned Random Forest,Isotonic,A,6,107,0.6464880274376738,0.5607476635514018,-0.08574036388627193,0.08574036388627193,0.6,0.7
Tuned Random Forest,Isotonic,A,7,76,0.7434683886935909,0.6710526315789473,-0.07241575711464354,0.07241575711464354,0.7,0.8
Tuned Random Forest,Isotonic,A,8,20,0.8091911133235256,0.7,-0.1091911133235256,0.1091911133235256,0.8,0.9
Tuned Random Forest,Isotonic,A,9,2,0.9230769230760001,0.5,-0.4230769230760001,0.4230769230760001,0.9,1.0
Tuned Random Forest,Isotonic,D,0,25,0.06224797158740844,0.04,-0.02224797158740844,0.02224797158740844,0.0,0.1
Tuned Random Forest,Isotonic,D,1,356,0.17715577334085744,0.19662921348314608,0.019473440142288634,0.019473440142288634,0.1,0.2
Tuned Random Forest,Isotonic,D,2,1122,0.23618100428646613,0.24598930481283424,0.009808300526368108,0.009808300526368108,0.2,0.3
Tuned Random Forest,Isotonic,D,3,12,0.3140148657774073,0.08333333333333333,-0.23068153244407397,0.23068153244407397,0.3,0.4
Tuned Random Forest,Isotonic,D,4,3,0.46175995781194507,0.6666666666666666,0.20490670885472156,0.20490670885472156,0.4,0.5
Tuned Random Forest,Isotonic,D,5,2,0.5888869549237352,0.0,-0.5888869549237352,0.5888869549237352,0.5,0.6
Tuned Random Forest,Isotonic,H,0,111,0.04126133945231684,0.10810810810810811,0.06684676865579128,0.06684676865579128,0.0,0.1
Tuned Random Forest,Isotonic,H,1,129,0.15913105863444232,0.20930232558139536,0.050171266946953036,0.050171266946953036,0.1,0.2
Tuned Random Forest,Isotonic,H,2,309,0.24519082060828357,0.2977346278317152,0.05254380722343166,0.05254380722343166,0.2,0.3
Tuned Random Forest,Isotonic,H,3,174,0.3461682600990604,0.41954022988505746,0.07337196978599708,0.07337196978599708,0.3,0.4
Tuned Random Forest,Isotonic,H,4,334,0.46243787698920624,0.4880239520958084,0.025586075106602157,0.025586075106602157,0.4,0.5
Tuned Random Forest,Isotonic,H,5,165,0.5428088614895485,0.6303030303030303,0.08749416881348171,0.08749416881348171,0.5,0.6
Tuned Random Forest,Isotonic,H,6,253,0.6523200748781225,0.6679841897233202,0.015664114845197696,0.015664114845197696,0.6,0.7
Tuned Random Forest,Isotonic,H,7,39,0.739612694646522,0.7948717948717948,0.055259100225272806,0.055259100225272806,0.7,0.8
Tuned Random Forest,Isotonic,H,8,5,0.8153414290772169,1.0,0.18465857092278315,0.18465857092278315,0.8,0.9
Tuned Random Forest,Isotonic,H,9,1,0.9040049637772434,1.0,0.09599503622275662,0.09599503622275662,0.9,1.0
Tuned Random Forest,Original,A,0,97,0.08645491538070534,0.09278350515463918,0.006328589773933843,0.006328589773933843,0.0,0.1
Tuned Random Forest,Original,A,1,372,0.1418628900297717,0.14516129032258066,0.0032984002928089506,0.0032984002928089506,0.1,0.2
Tuned Random Forest,Original,A,2,300,0.24302745427632844,0.24,-0.003027454276328445,0.003027454276328445,0.2,0.3
Tuned Random Forest,Original,A,3,267,0.34075911028095685,0.3595505617977528,0.018791451516795954,0.018791451516795954,0.3,0.4
Tuned Random Forest,Original,A,4,139,0.4518326481238207,0.45323741007194246,0.00140476194812178,0.00140476194812178,0.4,0.5
Tuned Random Forest,Original,A,5,191,0.5471490307962483,0.5078534031413613,-0.03929562765488703,0.03929562765488703,0.5,0.6
Tuned Random Forest,Original,A,6,110,0.642454080436144,0.6363636363636364,-0.006090444072507695,0.006090444072507695,0.6,0.7
Tuned Random Forest,Original,A,7,43,0.7341653796280352,0.7441860465116279,0.01002066688359271,0.01002066688359271,0.7,0.8
Tuned Random Forest,Original,A,8,1,0.8032551373299919,0.0,-0.8032551373299919,0.8032551373299919,0.8,0.9
Tuned Random Forest,Original,D,0,27,0.09111053400595669,0.0,-0.09111053400595669,0.09111053400595669,0.0,0.1
Tuned Random Forest,Original,D,1,450,0.1609413570921496,0.20444444444444446,0.043503087352294856,0.043503087352294856,0.1,0.2
Tuned Random Forest,Original,D,2,997,0.2506864948647129,0.24674022066198595,-0.003946274202726946,0.003946274202726946,0.2,0.3
Tuned Random Forest,Original,D,3,46,0.31716516184597626,0.2608695652173913,-0.056295596628584965,0.056295596628584965,0.3,0.4
Tuned Random Forest,Original,H,0,1,0.0983358362117113,1.0,0.9016641637882887,0.9016641637882887,0.0,0.1
Tuned Random Forest,Original,H,1,151,0.16137602234759746,0.11920529801324503,-0.04217072433435243,0.04217072433435243,0.1,0.2
Tuned Random Forest,Original,H,2,268,0.24871770575623603,0.22761194029850745,-0.021105765457728576,0.021105765457728576,0.2,0.3
Tuned Random Forest,Original,H,3,252,0.3518010559055226,0.3968253968253968,0.04502434091987423,0.04502434091987423,0.3,0.4
Tuned Random Forest,Original,H,4,250,0.4529962380245619,0.452,-0.0009962380245618907,0.0009962380245618907,0.4,0.5
Tuned Random Forest,Original,H,5,197,0.5401215800014377,0.5634517766497462,0.023330196648308488,0.023330196648308488,0.5,0.6
Tuned Random Forest,Original,H,6,186,0.6535439177627144,0.6344086021505376,-0.01913531561217674,0.01913531561217674,0.6,0.7
Tuned Random Forest,Original,H,7,163,0.7457796979147062,0.6809815950920245,-0.06479810282268172,0.06479810282268172,0.7,0.8
Tuned Random Forest,Original,H,8,52,0.8199849327282178,0.8461538461538461,0.026168913425628326,0.026168913425628326,0.8,0.9
Tuned Random Forest,Sigmoid,A,0,4,0.09549903119088683,0.0,-0.09549903119088683,0.09549903119088683,0.0,0.1
Tuned Random Forest,Sigmoid,A,1,247,0.16165151164220504,0.1214574898785425,-0.04019402176366253,0.04019402176366253,0.1,0.2
Tuned Random Forest,Sigmoid,A,2,307,0.2535571919308562,0.18241042345276873,-0.07114676847808746,0.07114676847808746,0.2,0.3
Tuned Random Forest,Sigmoid,A,3,317,0.34922243122469054,0.28391167192429023,-0.06531075930040031,0.06531075930040031,0.3,0.4
Tuned Random Forest,Sigmoid,A,4,234,0.4529727469748702,0.3717948717948718,-0.08117787517999842,0.08117787517999842,0.4,0.5
Tuned Random Forest,Sigmoid,A,5,256,0.5494241942326964,0.515625,-0.033799194232696395,0.033799194232696395,0.5,0.6
Tuned Random Forest,Sigmoid,A,6,140,0.6419873528455603,0.6357142857142857,-0.006273067131274623,0.006273067131274623,0.6,0.7
Tuned Random Forest,Sigmoid,A,7,15,0.7177727583024419,0.6,-0.11777275830244194,0.11777275830244194,0.7,0.8
Tuned Random Forest,Sigmoid,D,1,279,0.17997678328422395,0.1863799283154122,0.006403145031188245,0.006403145031188245,0.1,0.2
Tuned Random Forest,Sigmoid,D,2,1241,0.2326807469555177,0.2401289282836422,0.007448181328124526,0.007448181328124526,0.2,0.3
Tuned Random Forest,Sigmoid,H,0,8,0.08926828711099487,0.25,0.16073171288900512,0.16073171288900512,0.0,0.1
Tuned Random Forest,Sigmoid,H,1,220,0.1594365990436609,0.15454545454545454,-0.004891144498206351,0.004891144498206351,0.1,0.2
Tuned Random Forest,Sigmoid,H,2,297,0.25301761614183343,0.2828282828282828,0.029810666686449383,0.029810666686449383,0.2,0.3
Tuned Random Forest,Sigmoid,H,3,261,0.35508211272055135,0.4482758620689655,0.09319374934841418,0.09319374934841418,0.3,0.4
Tuned Random Forest,Sigmoid,H,4,281,0.4492746932817877,0.47330960854092524,0.024034915259137535,0.024034915259137535,0.4,0.5
Tuned Random Forest,Sigmoid,H,5,212,0.5497914564982858,0.660377358490566,0.11058590199228024,0.11058590199228024,0.5,0.6
Tuned Random Forest,Sigmoid,H,6,194,0.6408508347021498,0.6597938144329897,0.018942979730839915,0.018942979730839915,0.6,0.7
Tuned Random Forest,Sigmoid,H,7,47,0.7264094480679428,0.8297872340425532,0.10337778597461034,0.10337778597461034,0.7,0.8
