Model,Outcome,CalibrationBin,Forecasts,MeanPredictedProbability,ObservedFrequency,CalibrationGap,AbsoluteCalibrationGap,BinLowerBound,BinUpperBound
Tuned Random Forest,A,0,147,0.08445577215338078,0.14285714285714285,0.05840137070376207,0.05840137070376207,0.0,0.1
Tuned Random Forest,A,1,478,0.1424134456853266,0.1799163179916318,0.037502872306305196,0.037502872306305196,0.1,0.2
Tuned Random Forest,A,2,351,0.2450201488039614,0.25071225071225073,0.005692101908289338,0.005692101908289338,0.2,0.3
Tuned Random Forest,A,3,326,0.3408264439434323,0.3803680981595092,0.039541654216076916,0.039541654216076916,0.3,0.4
Tuned Random Forest,A,4,196,0.4514428466842802,0.4897959183673469,0.03835307168306673,0.03835307168306673,0.4,0.5
Tuned Random Forest,A,5,223,0.5464038804998446,0.5067264573991032,-0.039677423100741405,0.039677423100741405,0.5,0.6
Tuned Random Forest,A,6,129,0.6441369148875501,0.6434108527131783,-0.0007260621743717666,0.0007260621743717666,0.6,0.7
Tuned Random Forest,A,7,49,0.7337096469549872,0.7142857142857143,-0.019423932669272892,0.019423932669272892,0.7,0.8
Tuned Random Forest,A,8,1,0.8032551373299919,0.0,-0.8032551373299919,0.8032551373299919,0.8,0.9
